[{"domain": "179jiepai.com", "httpOnly": false, "name": "Oucm_2132_creditnotice", "path": "/", "secure": false, "value": "0D1D0D0D0D0D0D0D0D1158"}, {"domain": "179jiepai.com", "expiry": 1526364030.866536, "httpOnly": true, "name": "Oucm_2132_saltkey", "path": "/", "secure": false, "value": "DJJ7U9ME"}, {"domain": "179jiepai.com", "expiry": 1523772332.013953, "httpOnly": false, "name": "Oucm_2132_sendmail", "path": "/", "secure": false, "value": "1"}, {"domain": "179jiepai.com", "expiry": 1526364030.866594, "httpOnly": false, "name": "Oucm_2132_lastvisit", "path": "/", "secure": false, "value": "1523768429"}, {"domain": "179jiepai.com", "httpOnly": false, "name": "__51cke__", "path": "/", "secure": false, "value": ""}, {"domain": "179jiepai.com", "httpOnly": true, "name": "Oucm_2132_auth", "path": "/", "secure": false, "value": "1c595qqgiLdfz2nD6Jqs8yOdZSXuuiVy3n2UY8lfEAXv%2FH5EY3BCxqzIKYSpFs2IvhLf66h%2BE6XKE%2BX%2F7ivB58zh"}, {"domain": "179jiepai.com", "expiry": 1523858459.020119, "httpOnly": false, "name": "Oucm_2132_sid", "path": "/", "secure": false, "value": "D4FWI9"}, {"domain": "179jiepai.com", "httpOnly": false, "name": "__tins__18935662", "path": "/", "secure": false, "value": "%7B%22sid%22%3A%201523772032089%2C%20%22vd%22%3A%202%2C%20%22expires%22%3A%201523773862516%7D"}, {"domain": "179jiepai.com", "expiry": 1555308054.435639, "httpOnly": false, "name": "Oucm_2132_ulastactivity", "path": "/", "secure": false, "value": "2b43pU9pIQ8HiDfnUA1renTSScRakQeCxkkE9%2Bp0KHz4X%2BZvAXIH"}, {"domain": "179jiepai.com", "httpOnly": false, "name": "Oucm_2132_creditbase", "path": "/", "secure": false, "value": "0D76D6D6D0D0D0D0D0"}, {"domain": "179jiepai.com", "httpOnly": false, "name": "Oucm_2132_creditrule", "path": "/", "secure": false, "value": "%E6%AF%8F%E5%A4%A9%E7%99%BB%E5%BD%95"}, {"domain": "179jiepai.com", "expiry": 1555308054.435775, "httpOnly": false, "name": "Oucm_2132_lastcheckfeed", "path": "/", "secure": false, "value": "1158%7C1523772053"}, {"domain": "179jiepai.com", "httpOnly": false, "name": "__51laig__", "path": "/", "secure": false, "value": "4"}, {"domain": "179jiepai.com", "expiry": 1523772084.435795, "httpOnly": false, "name": "Oucm_2132_checkfollow", "path": "/", "secure": false, "value": "1"}, {"domain": "179jiepai.com", "httpOnly": false, "name": "Oucm_2132_lip", "path": "/", "secure": false, "value": "113.65.160.151%2C1522239281"}, {"domain": "179jiepai.com", "expiry": 1523815254.43583, "httpOnly": false, "name": "Oucm_2132_security_cookiereport", "path": "/", "secure": false, "value": "41d7CAp8ATqZ7tpIICetVnpB5UkreFcmkMHYSLArwy3kuBBu6Tx6"}, {"domain": "179jiepai.com", "expiry": 1555308059.020097, "httpOnly": false, "name": "Oucm_2132_nofavfid", "path": "/", "secure": false, "value": "1"}, {"domain": "179jiepai.com", "expiry": 1523772089.529908, "httpOnly": false, "name": "Oucm_2132_checkpm", "path": "/", "secure": false, "value": "1"}, {"domain": "179jiepai.com", "httpOnly": false, "name": "__tins__18625748", "path": "/", "secure": false, "value": "%7B%22sid%22%3A%201523772032220%2C%20%22vd%22%3A%202%2C%20%22expires%22%3A%201523773862522%7D"}, {"domain": "179jiepai.com", "expiry": 1523772662, "httpOnly": false, "name": "Oucm_2132_noticeTitle", "path": "/", "secure": false, "value": "1"}, {"domain": "179jiepai.com", "expiry": 1523858468.36, "httpOnly": false, "name": "Oucm_2132_lastact", "path": "/", "secure": false, "value": "1523772067%09misc.php%09patch"}]