[{"domain": "19jin.in", "expiry": 1526366143.724839, "httpOnly": false, "name": "OeV5_2132_lastvisit", "path": "/", "secure": false, "value": "1523770541"}, {"domain": "19jin.in", "expiry": 1526366143.724798, "httpOnly": true, "name": "OeV5_2132_saltkey", "path": "/", "secure": false, "value": "kv7KPII3"}, {"domain": ".19jin.in", "expiry": 1555310137.529372, "httpOnly": true, "name": "__cfduid", "path": "/", "secure": true, "value": "d54455c68e3a6f2b0ae836dac09568d6e1523774135"}, {"domain": "19jin.in", "expiry": 1523860554.112305, "httpOnly": false, "name": "OeV5_2132_sid", "path": "/", "secure": false, "value": "DFPRXk"}, {"domain": "19jin.in", "expiry": 1523774443.957672, "httpOnly": false, "name": "OeV5_2132_sendmail", "path": "/", "secure": false, "value": "1"}, {"domain": "19jin.in", "expiry": 1523860554.112243, "httpOnly": false, "name": "OeV5_2132_lastact", "path": "/", "secure": false, "value": "1523774151%09member.php%09logging"}, {"domain": "19jin.in", "httpOnly": false, "name": "OeV5_2132_seccode", "path": "/", "secure": false, "value": "454.a37984b9c6ba74880e"}, {"domain": "19jin.in", "httpOnly": true, "name": "OeV5_2132_auth", "path": "/", "secure": false, "value": "dd2aG34t5wJWSxjjLkn2oju6RgZy%2BBugEiEUlJyomB%2FRXM8JKbEULD5AUyoQeJxZuZ0Zx10KuBN9FZLftRV%2FQS0"}, {"domain": "19jin.in", "expiry": 1555310154.112282, "httpOnly": false, "name": "OeV5_2132_ulastactivity", "path": "/", "secure": false, "value": "0b34sDj25LfYiSitKQV5xgZ2SEmLZ1QiPyF41EUWRQY2QCfWzNTf"}, {"domain": "19jin.in", "expiry": 1555310154.112397, "httpOnly": false, "name": "OeV5_2132_lastcheckfeed", "path": "/", "secure": false, "value": "137%7C1523774151"}, {"domain": "19jin.in", "expiry": 1523774184.112417, "httpOnly": false, "name": "OeV5_2132_checkfollow", "path": "/", "secure": false, "value": "1"}, {"domain": "19jin.in", "httpOnly": false, "name": "OeV5_2132_lip", "path": "/", "secure": false, "value": "113.68.179.87%2C1523774140"}]