[{"domain": "28maiya.com", "expiry": 1523772229.779894, "httpOnly": false, "name": "N5Rt_2132_checkpm", "path": "/", "secure": false, "value": "1"}, {"domain": "28maiya.com", "expiry": 1526364190.904726, "httpOnly": true, "name": "N5Rt_2132_saltkey", "path": "/", "secure": false, "value": "so2UKulu"}, {"domain": "28maiya.com", "expiry": 1526364190.904761, "httpOnly": false, "name": "N5Rt_2132_lastvisit", "path": "/", "secure": false, "value": "1523768734"}, {"domain": "28maiya.com", "expiry": 1523772225.977772, "httpOnly": false, "name": "N5Rt_2132_checkfollow", "path": "/", "secure": false, "value": "1"}, {"domain": ".28maiya.com", "expiry": 1539496993, "httpOnly": false, "name": "UM_distinctid", "path": "/", "secure": false, "value": "162c7e67a10599-02f20b10dc275f-5f4f2816-1fa400-162c7e67a1161f"}, {"domain": "28maiya.com", "expiry": 1523772493.216608, "httpOnly": false, "name": "N5Rt_2132_sendmail", "path": "/", "secure": false, "value": "1"}, {"domain": "28maiya.com", "expiry": 1539496999, "httpOnly": false, "name": "CNZZDATA1253082999", "path": "/", "secure": false, "value": "692941559-1523769110-%7C1523769110"}, {"domain": "28maiya.com", "httpOnly": true, "name": "N5Rt_2132_auth", "path": "/", "secure": false, "value": "a4681dlZXPDSs7swtqOlW5DBKcleKkR67VF31yOMKjLDCr75FoyOJn8lJTCf30Dk85SA6UuT5%2BaiYRZO3GhyMs0"}, {"domain": "28maiya.com", "expiry": 1555308195.977656, "httpOnly": false, "name": "N5Rt_2132_ulastactivity", "path": "/", "secure": false, "value": "a4681dlZXPDSs7swtvSvDMaWf54MJRN761UghyKLJmLJCb%2FzF4%2FR"}, {"domain": "28maiya.com", "expiry": 1555308195.977752, "httpOnly": false, "name": "N5Rt_2132_lastcheckfeed", "path": "/", "secure": false, "value": "893%7C1523772339"}, {"domain": "28maiya.com", "httpOnly": false, "name": "N5Rt_2132_member_login_status", "path": "/", "secure": false, "value": "1"}, {"domain": "28maiya.com", "expiry": 1555308199.376524, "httpOnly": false, "name": "N5Rt_2132_nofavfid", "path": "/", "secure": false, "value": "1"}, {"domain": "28maiya.com", "expiry": 1523772799, "httpOnly": false, "name": "N5Rt_2132_noticeTitle", "path": "/", "secure": false, "value": "1"}, {"domain": "28maiya.com", "expiry": 1523858600.278732, "httpOnly": false, "name": "N5Rt_2132_sid", "path": "/", "secure": false, "value": "Rd8D2c"}, {"domain": "28maiya.com", "httpOnly": false, "name": "N5Rt_2132_lip", "path": "/", "secure": false, "value": "61.140.234.87%2C1523772339"}, {"domain": "28maiya.com", "expiry": 1523858600.278799, "httpOnly": false, "name": "N5Rt_2132_lastact", "path": "/", "secure": false, "value": "1523772343%09misc.php%09patch"}]