[{"domain": "520lfw.com", "expiry": 1523772013.983017, "httpOnly": false, "name": "VMy6_2132_sendmail", "path": "/", "secure": false, "value": "1"}, {"domain": "520lfw.com", "httpOnly": false, "name": "PHPSESSID", "path": "/", "secure": false, "value": "5n8phinb1j680f10df28m24643"}, {"domain": "520lfw.com", "expiry": 1526363712.614956, "httpOnly": false, "name": "VMy6_2132_lastvisit", "path": "/", "secure": false, "value": "1523765177"}, {"domain": "520lfw.com", "expiry": 1526363712.614862, "httpOnly": true, "name": "VMy6_2132_saltkey", "path": "/", "secure": false, "value": "i1PZ0wE0"}, {"domain": "520lfw.com", "expiry": 1555307715, "httpOnly": false, "name": "_fmdata", "path": "/", "secure": false, "value": "vSGxhGAs%2B5RZFQP2KY3UfGLk%2FbIKoF2Q%2FeQ37w3ZB8L0SJCysvfqRmz7NFpppE0hp79UpJ71UOcksMRexkUS4HfAA%2FrVwQTDqTfdKyBwrB4%3D"}, {"domain": "520lfw.com", "httpOnly": true, "name": "VMy6_2132_auth", "path": "/", "secure": false, "value": "fd86xNM6HRQMN%2B6sspJIgd8Fqbw8UMnt7ogyDHtFNSIiU%2F3zixnXUBekhSV%2BjkVEdudYBjqzuJqo5lebwLvkBb0O0Q"}, {"domain": "520lfw.com", "expiry": 1523858135.169038, "httpOnly": false, "name": "VMy6_2132_lastact", "path": "/", "secure": false, "value": "1523768793%09member.php%09logging"}, {"domain": "520lfw.com", "expiry": 1523858135.169096, "httpOnly": false, "name": "VMy6_2132_sid", "path": "/", "secure": false, "value": "J2Al12"}, {"domain": "520lfw.com", "expiry": 1555307735.169244, "httpOnly": false, "name": "VMy6_2132_lastcheckfeed", "path": "/", "secure": false, "value": "13190%7C1523768793"}, {"domain": "520lfw.com", "httpOnly": false, "name": "VMy6_2132_seccode", "path": "/", "secure": false, "value": "285.b1bfd4bcfa6bd1bdfb"}, {"domain": "520lfw.com", "expiry": 1555307735.169067, "httpOnly": false, "name": "VMy6_2132_ulastactivity", "path": "/", "secure": false, "value": "1396lfx4QJ4TGTnmFiCFRJS14gCg5zhjPFdSRVYjXXPbKliLGDOX"}, {"domain": "520lfw.com", "expiry": 1523771765.169266, "httpOnly": false, "name": "VMy6_2132_checkfollow", "path": "/", "secure": false, "value": "1"}, {"domain": "520lfw.com", "httpOnly": false, "name": "VMy6_2132_lip", "path": "/", "secure": false, "value": "36.63.15.31%2C1523756052"}, {"domain": "520lfw.com", "expiry": 1523814935.169315, "httpOnly": false, "name": "VMy6_2132_security_cookiereport", "path": "/", "secure": false, "value": "4f99aB8XtS%2FCTz9bGvOB3dg%2Bqq9gz4dEZ0j%2FXIhKjENMknwDlC8%2B"}]