[{"domain": ".www.93vrfuli.com", "httpOnly": false, "name": "Hm_lpvt_1de8f04e9a7c8b872c4e68b9074470b3", "path": "/", "secure": false, "value": "1523771799"}, {"domain": "www.93vrfuli.com", "expiry": 1523772056.39573, "httpOnly": false, "name": "aQxD_2132_sendmail", "path": "/", "secure": false, "value": "1"}, {"domain": ".www.93vrfuli.com", "expiry": 1555307799, "httpOnly": false, "name": "Hm_lvt_41f823ea8b4d8b0da367c6f68f821e11", "path": "/", "secure": false, "value": "1523771760"}, {"domain": "www.93vrfuli.com", "expiry": 1526363754.989253, "httpOnly": false, "name": "aQxD_2132_lastvisit", "path": "/", "secure": false, "value": "1523768154"}, {"domain": "www.93vrfuli.com", "expiry": 1526363754.989187, "httpOnly": true, "name": "aQxD_2132_saltkey", "path": "/", "secure": false, "value": "xzcfB8FF"}, {"domain": ".93vrfuli.com", "expiry": 1539496559, "httpOnly": false, "name": "UM_distinctid", "path": "/", "secure": false, "value": "162c7dfdbd480b-0436e2ddefe2fc-5f4f2816-1fa400-162c7dfdbd571f"}, {"domain": "www.93vrfuli.com", "expiry": 1539496598, "httpOnly": false, "name": "CNZZDATA1252902242", "path": "/", "secure": false, "value": "505489484-1523768052-%7C1523768052"}, {"domain": ".www.93vrfuli.com", "expiry": 1555307799, "httpOnly": false, "name": "Hm_lvt_1de8f04e9a7c8b872c4e68b9074470b3", "path": "/", "secure": false, "value": "1523771760"}, {"domain": "www.93vrfuli.com", "expiry": 1523858197.826727, "httpOnly": false, "name": "aQxD_2132_sid", "path": "/", "secure": false, "value": "P7ss77"}, {"domain": "www.93vrfuli.com", "expiry": 1523772399, "httpOnly": false, "name": "aQxD_2132_noticeTitle", "path": "/", "secure": false, "value": "1"}, {"domain": "www.93vrfuli.com", "expiry": 1555307793.185097, "httpOnly": false, "name": "aQxD_2132_ulastactivity", "path": "/", "secure": false, "value": "b89b4XgpDrwYcR%2FxU7jUqbArWBoVZTfB4QEvX5LZjB6a329FqrD7"}, {"domain": "www.93vrfuli.com", "expiry": 1523858200.791708, "httpOnly": false, "name": "aQxD_2132_lastact", "path": "/", "secure": false, "value": "1523771799%09misc.php%09patch"}, {"domain": "www.93vrfuli.com", "httpOnly": true, "name": "aQxD_2132_auth", "path": "/", "secure": false, "value": "e2eaEzR78EfdE3rreAB1akkzXSjoCHFgnI2LVXEazJcukI%2BWhaa1DDLMvRx4b0CUItffNCABpf01umPqdM2pGIm7IQ"}, {"domain": "www.93vrfuli.com", "expiry": 1555307793.185204, "httpOnly": false, "name": "aQxD_2132_lastcheckfeed", "path": "/", "secure": false, "value": "16961%7C1523771792"}, {"domain": "www.93vrfuli.com", "expiry": 1523771823.185226, "httpOnly": false, "name": "aQxD_2132_checkfollow", "path": "/", "secure": false, "value": "1"}, {"domain": "www.93vrfuli.com", "httpOnly": false, "name": "aQxD_2132_lip", "path": "/", "secure": false, "value": "116.21.181.199%2C1523609225"}, {"domain": "www.93vrfuli.com", "expiry": 1523814993.185266, "httpOnly": false, "name": "aQxD_2132_security_cookiereport", "path": "/", "secure": false, "value": "0465WIxyn%2F3fI%2B8dkinBwQY0rMIPe23MFkLiVes%2BlDE1ykJz%2FM7f"}, {"domain": ".www.93vrfuli.com", "httpOnly": false, "name": "Hm_lpvt_41f823ea8b4d8b0da367c6f68f821e11", "path": "/", "secure": false, "value": "1523771799"}, {"domain": "www.93vrfuli.com", "expiry": 1523771829.355276, "httpOnly": false, "name": "aQxD_2132_checkpm", "path": "/", "secure": false, "value": "1"}]