[{"domain": "93foot.com", "httpOnly": true, "name": "_d_id", "path": "/", "secure": false, "value": "ceb15caaa45eaedc8fe8d2ea93e6c0"}, {"domain": "93foot.com", "expiry": 1526361404.484558, "httpOnly": true, "name": "DWlG_2132_saltkey", "path": "/", "secure": false, "value": "LKjjv9JM"}, {"domain": "93foot.com", "expiry": 1526361404.484626, "httpOnly": false, "name": "DWlG_2132_lastvisit", "path": "/", "secure": false, "value": "1523765648"}, {"domain": "93foot.com", "expiry": 1523769705.425463, "httpOnly": false, "name": "DWlG_2132_sendmail", "path": "/", "secure": false, "value": "1"}, {"domain": ".93foot.com", "expiry": 1539494205, "httpOnly": false, "name": "UM_distinctid", "path": "/", "secure": false, "value": "162c7bbf00f4fc-0522fdba86ef75-5f4f2816-1fa400-162c7bbf011630"}, {"domain": "93foot.com", "expiry": 1523855855.282751, "httpOnly": false, "name": "DWlG_2132_sid", "path": "/", "secure": false, "value": "b51VXe"}, {"domain": "93foot.com", "expiry": 1539494205, "httpOnly": false, "name": "CNZZDATA1256633812", "path": "/", "secure": false, "value": "679810579-1523766447-%7C1523766447"}, {"domain": "93foot.com", "expiry": 1555305455.282835, "httpOnly": false, "name": "DWlG_2132_ulastactivity", "path": "/", "secure": false, "value": "4210cNFbcAfHBHbnyR22evwx3Nug9HcV5D%2FbhEgN2QEVKQmSHO9u"}, {"domain": "93foot.com", "expiry": 1523855855.282551, "httpOnly": false, "name": "DWlG_2132_lastact", "path": "/", "secure": false, "value": "1523769299%09member.php%09logging"}, {"domain": "93foot.com", "httpOnly": true, "name": "DWlG_2132_auth", "path": "/", "secure": false, "value": "3139bRGC4r5EbT0sUL%2BKQe8sD3FLXaRqzLKyIQdPaMLLBg5tyzXf6n%2BtEaAwer2eXmqa47b4ylPz%2BRFe8I63%2Bm%2Fi"}, {"domain": "93foot.com", "httpOnly": false, "name": "DWlG_2132_creditnotice", "path": "/", "secure": false, "value": "0D0D2D0D0D0D0D0D0D8635"}, {"domain": "93foot.com", "httpOnly": false, "name": "DWlG_2132_creditbase", "path": "/", "secure": false, "value": "0D0D1048D0D41D0D0D0D0"}, {"domain": "93foot.com", "httpOnly": false, "name": "DWlG_2132_creditrule", "path": "/", "secure": false, "value": "%E6%AF%8F%E5%A4%A9%E7%99%BB%E5%BD%95"}, {"domain": "93foot.com", "expiry": 1555305455.283393, "httpOnly": false, "name": "DWlG_2132_lastcheckfeed", "path": "/", "secure": false, "value": "8635%7C1523769299"}, {"domain": "93foot.com", "expiry": 1523769485.283479, "httpOnly": false, "name": "DWlG_2132_checkfollow", "path": "/", "secure": false, "value": "1"}, {"domain": "93foot.com", "httpOnly": false, "name": "DWlG_2132_lip", "path": "/", "secure": false, "value": "113.68.179.87%2C1523553958"}]