[{"domain": ".xiangcao419.com", "expiry": 1555308531.304179, "httpOnly": true, "name": "__cfduid", "path": "/", "secure": false, "value": "d2f7cae5b3df55c6fb49d0699362844d81523772528"}, {"domain": "go.xiangcao419.com", "expiry": 1523772640.327082, "httpOnly": false, "name": "pOs8_2132_checkpm", "path": "/", "secure": false, "value": "1"}, {"domain": "go.xiangcao419.com", "expiry": 1526364531.304242, "httpOnly": false, "name": "pOs8_2132_lastvisit", "path": "/", "secure": false, "value": "1523768924"}, {"domain": "go.xiangcao419.com", "expiry": 1526364531.304217, "httpOnly": true, "name": "pOs8_2132_saltkey", "path": "/", "secure": false, "value": "Q3THK755"}, {"domain": "go.xiangcao419.com", "expiry": 1555308609.458097, "httpOnly": false, "name": "pOs8_2132_ulastactivity", "path": "/", "secure": false, "value": "dc6cExGkZ4iYOoaF%2BSQFhr6uJ43jx9gsQeOvbxBk57ejuUE8of%2F9"}, {"domain": "go.xiangcao419.com", "expiry": 1555308609.458247, "httpOnly": false, "name": "pOs8_2132_lastcheckfeed", "path": "/", "secure": false, "value": "2079%7C1523772602"}, {"domain": "go.xiangcao419.com", "httpOnly": true, "name": "pOs8_2132_auth", "path": "/", "secure": false, "value": "dc6cExGkZ4iYOoaF%2BXED1%2Bv8fdy1x4svTemsNUBt4ubz7Bds9Pr7ILJnt%2FQ%2FRN7FJk2WWaxL%2FG1kSd2Sy0eORJEU"}, {"domain": "go.xiangcao419.com", "expiry": 1555308609.798904, "httpOnly": false, "name": "pOs8_2132_nofavfid", "path": "/", "secure": false, "value": "1"}, {"domain": "go.xiangcao419.com", "expiry": 1523772639.458268, "httpOnly": false, "name": "pOs8_2132_checkfollow", "path": "/", "secure": false, "value": "1"}, {"domain": "go.xiangcao419.com", "expiry": 1523772909.798924, "httpOnly": false, "name": "pOs8_2132_onlineusernum", "path": "/", "secure": false, "value": "43"}, {"domain": "go.xiangcao419.com", "expiry": 1523859010.354847, "httpOnly": false, "name": "pOs8_2132_sid", "path": "/", "secure": false, "value": "tcCWVC"}, {"domain": "go.xiangcao419.com", "httpOnly": false, "name": "pOs8_2132_lip", "path": "/", "secure": false, "value": "116.23.154.16%2C1523772603"}, {"domain": "go.xiangcao419.com", "expiry": 1523859010.354905, "httpOnly": false, "name": "pOs8_2132_lastact", "path": "/", "secure": false, "value": "1523772603%09home.php%09misc"}, {"domain": "go.xiangcao419.com", "expiry": 1523772910.35493, "httpOnly": false, "name": "pOs8_2132_sendmail", "path": "/", "secure": false, "value": "1"}]