[{"domain": ".acaobb.com", "expiry": 1555310174.336518, "httpOnly": true, "name": "__cfduid", "path": "/", "secure": false, "value": "dd3cc6755adbfc245957acedd9e052c481523774171"}, {"domain": "acaobb.com", "expiry": 1526337352.336604, "httpOnly": true, "name": "IxKV_2132_saltkey", "path": "/", "secure": false, "value": "OVqtZVVm"}, {"domain": "acaobb.com", "expiry": 1526337352.336654, "httpOnly": false, "name": "IxKV_2132_lastvisit", "path": "/", "secure": false, "value": "1523741749"}, {"domain": ".acaobb.com", "expiry": 1523860585, "httpOnly": false, "name": "_gid", "path": "/", "secure": false, "value": "GA1.2.1606722584.1523774176"}, {"domain": ".acaobb.com", "expiry": 1586846185, "httpOnly": false, "name": "_ga", "path": "/", "secure": false, "value": "GA1.2.65631013.1523774176"}, {"domain": "acaobb.com", "expiry": 1555281359.165125, "httpOnly": false, "name": "IxKV_2132_lastcheckfeed", "path": "/", "secure": false, "value": "603%7C1523745356"}, {"domain": "acaobb.com", "httpOnly": true, "name": "IxKV_2132_auth", "path": "/", "secure": false, "value": "6f96b%2ByRqBeui8t6bUcpXlAnJ39ujq34V3vxpu1%2FGZn9kzM5Ox2TBqbzGCtvrueaFEsIMwruJ3eWX668BoMDXHg"}, {"domain": ".acaobb.com", "expiry": 1523774236, "httpOnly": false, "name": "_gat_gtag_UA_111474542_1", "path": "/", "secure": false, "value": "1"}, {"domain": "acaobb.com", "expiry": 1555281359.165004, "httpOnly": false, "name": "IxKV_2132_ulastactivity", "path": "/", "secure": false, "value": "369aiMs8LGELErzPZFckcHQTOVBPOX06OTB7lAr0riW%2BXMr7lrkr"}, {"domain": "acaobb.com", "expiry": 1523774786, "httpOnly": false, "name": "IxKV_2132_noticeTitle", "path": "/", "secure": false, "value": "1"}, {"domain": "acaobb.com", "expiry": 1523831773.14909, "httpOnly": false, "name": "IxKV_2132_sid", "path": "/", "secure": false, "value": "hQ3KrK"}, {"domain": "acaobb.com", "httpOnly": false, "name": "IxKV_2132_lip", "path": "/", "secure": false, "value": "113.68.179.87%2C1523745361"}, {"domain": "acaobb.com", "expiry": 1523831773.149154, "httpOnly": false, "name": "IxKV_2132_lastact", "path": "/", "secure": false, "value": "1523745370%09misc.php%09patch"}]