[{"domain": "bbs.fuliking1.com", "expiry": 1523815982.894692, "httpOnly": false, "name": "Pvl3_2132_security_cookiereport", "path": "/", "secure": false, "value": "52aetd%2BJoqxdD6wRXYDFVuN%2FFQ6OBAFTP%2BnDSFQss2sHiqhlQZby"}, {"domain": "bbs.fuliking1.com", "expiry": 1526364778.939705, "httpOnly": false, "name": "Pvl3_2132_lastvisit", "path": "/", "secure": false, "value": "1523769168"}, {"domain": ".fuliking1.com", "expiry": 1555308778.939559, "httpOnly": true, "name": "__cfduid", "path": "/", "secure": false, "value": "d30bc8e65b9987157afcd8da8828515cf1523772776"}, {"domain": "bbs.fuliking1.com", "expiry": 1523772819.184392, "httpOnly": false, "name": "Pvl3_2132_checkpm", "path": "/", "secure": false, "value": "1"}, {"domain": "bbs.fuliking1.com", "expiry": 1526364778.939602, "httpOnly": true, "name": "Pvl3_2132_saltkey", "path": "/", "secure": false, "value": "Y3taIk0y"}, {"domain": "bbs.fuliking1.com", "expiry": 1523773079.702854, "httpOnly": false, "name": "Pvl3_2132_sendmail", "path": "/", "secure": false, "value": "1"}, {"domain": "bbs.fuliking1.com", "expiry": 1523772813.894652, "httpOnly": false, "name": "Pvl3_2132_checkfollow", "path": "/", "secure": false, "value": "1"}, {"domain": "bbs.fuliking1.com", "httpOnly": true, "name": "Pvl3_2132_auth", "path": "/", "secure": false, "value": "bea7wDvcMz5M1oMaShgrfYfSocsHzbc6vvsphjzi8QECwyQJYXE4QK0R%2FVgToT4yzHrj%2FcqXs%2FsIL4POHSyBBAz4CQ"}, {"domain": "bbs.fuliking1.com", "expiry": 1555308783.894426, "httpOnly": false, "name": "Pvl3_2132_ulastactivity", "path": "/", "secure": false, "value": "96d0GWnNH%2FPL4j%2BnzCMhT1mOkG9nMN%2F0doG3xqerzDsQNx%2BFk%2B3f"}, {"domain": "bbs.fuliking1.com", "expiry": 1523774589, "httpOnly": false, "name": "_pk_ses.3.c7bb", "path": "/", "secure": false, "value": "*"}, {"domain": "bbs.fuliking1.com", "expiry": 1555308783.894631, "httpOnly": false, "name": "Pvl3_2132_lastcheckfeed", "path": "/", "secure": false, "value": "10294%7C1523772772"}, {"domain": "bbs.fuliking1.com", "expiry": 1555308788.657199, "httpOnly": false, "name": "Pvl3_2132_nofavfid", "path": "/", "secure": false, "value": "1"}, {"domain": "bbs.fuliking1.com", "expiry": 1523773088.657224, "httpOnly": false, "name": "Pvl3_2132_onlineusernum", "path": "/", "secure": false, "value": "363"}, {"domain": "bbs.fuliking1.com", "expiry": 1523773389, "httpOnly": false, "name": "Pvl3_2132_noticeTitle", "path": "/", "secure": false, "value": "1"}, {"domain": "bbs.fuliking1.com", "expiry": 1557727981, "httpOnly": false, "name": "_pk_id.3.c7bb", "path": "/", "secure": false, "value": "92e334b4267aa870.1523772781.1.1523772790.1523772781."}, {"domain": "bbs.fuliking1.com", "expiry": 1523859190.870449, "httpOnly": false, "name": "Pvl3_2132_sid", "path": "/", "secure": false, "value": "Kp1Toc"}, {"domain": "bbs.fuliking1.com", "httpOnly": false, "name": "Pvl3_2132_lip", "path": "/", "secure": false, "value": "113.65.160.94%2C1523772778"}, {"domain": "bbs.fuliking1.com", "expiry": 1523859190.870527, "httpOnly": false, "name": "Pvl3_2132_lastact", "path": "/", "secure": false, "value": "1523772780%09misc.php%09patch"}]