[{"domain": ".xiangcao419.com", "expiry": 1555310719.428448, "httpOnly": true, "name": "__cfduid", "path": "/", "secure": false, "value": "d1bb76b4b941f9ca0d2e1a038e2db5c9c1523774716"}, {"domain": "go.xiangcao419.com", "expiry": 1523775021.307485, "httpOnly": false, "name": "pOs8_2132_sendmail", "path": "/", "secure": false, "value": "1"}, {"domain": "go.xiangcao419.com", "expiry": 1523774759.537735, "httpOnly": false, "name": "pOs8_2132_checkpm", "path": "/", "secure": false, "value": "1"}, {"domain": "go.xiangcao419.com", "expiry": 1526366719.428514, "httpOnly": false, "name": "pOs8_2132_lastvisit", "path": "/", "secure": false, "value": "1523771112"}, {"domain": "go.xiangcao419.com", "expiry": 1526366719.42849, "httpOnly": true, "name": "pOs8_2132_saltkey", "path": "/", "secure": false, "value": "e8zlFslU"}, {"domain": "go.xiangcao419.com", "expiry": 1523834720, "httpOnly": false, "name": "pOs8_2132_study_guide", "path": "/", "secure": false, "value": "1314"}, {"domain": "go.xiangcao419.com", "expiry": 1555310725.796294, "httpOnly": false, "name": "pOs8_2132_ulastactivity", "path": "/", "secure": false, "value": "96ecqwxfKZtjVU9Lx8cZp88J9GnTZD539iwl0IfbGiJ9R4xQyE5h"}, {"domain": "go.xiangcao419.com", "expiry": 1555310725.796456, "httpOnly": false, "name": "pOs8_2132_lastcheckfeed", "path": "/", "secure": false, "value": "2599%7C1523774718"}, {"domain": "go.xiangcao419.com", "httpOnly": true, "name": "pOs8_2132_auth", "path": "/", "secure": false, "value": "96ecqwxfKZtjVU9Lx5BMpstXqGOENmxwqyUngdfZHiZ6RI9Rnhw9pnCC87HQDeYko6NzTGPo7JrMIJcbxOv6uxAK"}, {"domain": "go.xiangcao419.com", "expiry": 1555310729.05768, "httpOnly": false, "name": "pOs8_2132_nofavfid", "path": "/", "secure": false, "value": "1"}, {"domain": "go.xiangcao419.com", "expiry": 1523775029.0577, "httpOnly": false, "name": "pOs8_2132_onlineusernum", "path": "/", "secure": false, "value": "32"}, {"domain": "go.xiangcao419.com", "expiry": 1523861136.686123, "httpOnly": false, "name": "pOs8_2132_sid", "path": "/", "secure": false, "value": "MLbt7z"}, {"domain": "go.xiangcao419.com", "httpOnly": false, "name": "pOs8_2132_lip", "path": "/", "secure": false, "value": "61.140.234.87%2C1523774729"}, {"domain": "go.xiangcao419.com", "expiry": 1523861136.686184, "httpOnly": false, "name": "pOs8_2132_lastact", "path": "/", "secure": false, "value": "1523774729%09misc.php%09patch"}]