[{"domain": "hudie360.com", "expiry": 1526360678.070737, "httpOnly": true, "name": "c693_2132_saltkey", "path": "/", "secure": false, "value": "joMirk4K"}, {"domain": "hudie360.com", "expiry": 1526360678.070769, "httpOnly": false, "name": "c693_2132_lastvisit", "path": "/", "secure": false, "value": "1523765125"}, {"domain": "hudie360.com", "expiry": 1523768715.957136, "httpOnly": false, "name": "c693_2132_checkfollow", "path": "/", "secure": false, "value": "1"}, {"domain": "hudie360.com", "expiry": 1523768979.748818, "httpOnly": false, "name": "c693_2132_sendmail", "path": "/", "secure": false, "value": "1"}, {"domain": "hudie360.com", "httpOnly": false, "name": "__51cke__", "path": "/", "secure": false, "value": ""}, {"domain": "hudie360.com", "httpOnly": true, "name": "c693_2132_auth", "path": "/", "secure": false, "value": "7fbaVF0NG65efIblsiM%2B0us6fXs2jANTnvQO9vDrzPdxoCkmdkFdKx1IONVWLG63LbyzuCePq30dnnz3qcwnCJr2Pg"}, {"domain": "hudie360.com", "expiry": 1555304685.956656, "httpOnly": false, "name": "c693_2132_ulastactivity", "path": "/", "secure": false, "value": "1523768733%7C0"}, {"domain": "hudie360.com", "expiry": 1555304685.956969, "httpOnly": false, "name": "c693_2132_lastcheckfeed", "path": "/", "secure": false, "value": "76274%7C1523768733"}, {"domain": "hudie360.com", "httpOnly": false, "name": "c693_2132_lip", "path": "/", "secure": false, "value": "116.21.180.193%2C1523768733"}, {"domain": "hudie360.com", "httpOnly": false, "name": "__51laig__", "path": "/", "secure": false, "value": "2"}, {"domain": "hudie360.com", "expiry": 1523855085.957233, "httpOnly": false, "name": "c693_2132_myrepeat_rr", "path": "/", "secure": false, "value": "R0"}, {"domain": "hudie360.com", "expiry": 1555304692.469096, "httpOnly": false, "name": "c693_2132_connect_is_bind", "path": "/", "secure": false, "value": "0"}, {"domain": "hudie360.com", "expiry": 1555304689.259495, "httpOnly": false, "name": "c693_2132_nofavfid", "path": "/", "secure": false, "value": "1"}, {"domain": "hudie360.com", "expiry": 1523768989.259536, "httpOnly": false, "name": "c693_2132_onlineusernum", "path": "/", "secure": false, "value": "437"}, {"domain": "hudie360.com", "expiry": 1523768721.73297, "httpOnly": false, "name": "c693_2132_checkpm", "path": "/", "secure": false, "value": "1"}, {"domain": "hudie360.com", "httpOnly": false, "name": "__tins__19377801", "path": "/", "secure": false, "value": "%7B%22sid%22%3A%201523768679812%2C%20%22vd%22%3A%202%2C%20%22expires%22%3A%201523770491736%7D"}, {"domain": "hudie360.com", "expiry": 1523855092.469041, "httpOnly": false, "name": "c693_2132_lastact", "path": "/", "secure": false, "value": "1523768740%09plugin.php%09"}]