[{"domain": "llb.omcr.pw", "httpOnly": false, "name": "ZDEDebuggerPresent", "path": "/", "secure": false, "value": "php,phtml,php3"}, {"domain": "llb.omcr.pw", "expiry": 1526365720, "httpOnly": false, "name": "popnotice", "path": "/", "secure": false, "value": "ss101"}, {"domain": "llb.omcr.pw", "expiry": 1523774015.504619, "httpOnly": false, "name": "ZwnA_2132_sendmail", "path": "/", "secure": false, "value": "1"}, {"domain": "llb.omcr.pw", "expiry": 1523773756.32415, "httpOnly": false, "name": "ZwnA_2132_checkpm", "path": "/", "secure": false, "value": "1"}, {"domain": "llb.omcr.pw", "expiry": 1526365714.052407, "httpOnly": false, "name": "ZwnA_2132_lastvisit", "path": "/", "secure": false, "value": "1523769626"}, {"domain": "llb.omcr.pw", "expiry": 1526365714.052381, "httpOnly": true, "name": "ZwnA_2132_saltkey", "path": "/", "secure": false, "value": "P1b1E9Rg"}, {"domain": ".omcr.pw", "expiry": 1539498515, "httpOnly": false, "name": "UM_distinctid", "path": "/", "secure": false, "value": "162c7fdb442236-084c5a05eb0902-5f4f2816-1fa400-162c7fdb4434dd"}, {"domain": "llb.omcr.pw", "expiry": 1539498526, "httpOnly": false, "name": "CNZZDATA1265102073", "path": "/", "secure": false, "value": "1516856308-1523770610-%7C1523770610"}, {"domain": "llb.omcr.pw", "expiry": 1539498526, "httpOnly": false, "name": "CNZZDATA1265979088", "path": "/", "secure": false, "value": "473089670-1523768565-%7C1523768565"}, {"domain": "llb.omcr.pw", "expiry": 1555309722.177872, "httpOnly": false, "name": "ZwnA_2132_ulastactivity", "path": "/", "secure": false, "value": "65dbDW39NM92jn0Gf4c%2Fvzx5U7%2B1ZOsIx8AbdIHhIiBfekf5SCDk"}, {"domain": "llb.omcr.pw", "httpOnly": true, "name": "ZwnA_2132_auth", "path": "/", "secure": false, "value": "65dbDW39NM92jn0Gf9Fs6mIoA7rnMOhcwpAbI4q0IytbLBL5S3K1dmt9UuB40Fin%2FgrZPV6xJwtMl0KH6S95UEmH"}, {"domain": "llb.omcr.pw", "expiry": 1555309722.178033, "httpOnly": false, "name": "ZwnA_2132_lastcheckfeed", "path": "/", "secure": false, "value": "5239%7C1523773234"}, {"domain": "llb.omcr.pw", "expiry": 1523773752.178058, "httpOnly": false, "name": "ZwnA_2132_checkfollow", "path": "/", "secure": false, "value": "1"}, {"domain": "llb.omcr.pw", "expiry": 1555309725.666681, "httpOnly": false, "name": "ZwnA_2132_nofavfid", "path": "/", "secure": false, "value": "1"}, {"domain": "llb.omcr.pw", "expiry": 1523860127.074239, "httpOnly": false, "name": "ZwnA_2132_sid", "path": "/", "secure": false, "value": "z882vQ"}, {"domain": "llb.omcr.pw", "httpOnly": false, "name": "ZwnA_2132_lip", "path": "/", "secure": false, "value": "116.22.59.154%2C1523773238"}, {"domain": "llb.omcr.pw", "expiry": 1523860127.074287, "httpOnly": false, "name": "ZwnA_2132_lastact", "path": "/", "secure": false, "value": "1523773239%09misc.php%09patch"}]