[{"domain": ".meinvhui88.com", "expiry": 1539497543, "httpOnly": false, "name": "UM_distinctid", "path": "/", "secure": false, "value": "162c7eedf8d722-02907bcc900363-5f4f2816-1fa400-162c7eedf8e3d3"}, {"domain": "meinvhui88.com", "expiry": 1526364741.267409, "httpOnly": false, "name": "9O6M_2132_lastvisit", "path": "/", "secure": false, "value": "1523769052"}, {"domain": "meinvhui88.com", "expiry": 1555308755.346505, "httpOnly": false, "name": "9O6M_2132_connect_is_bind", "path": "/", "secure": false, "value": "0"}, {"domain": "meinvhui88.com", "expiry": 1526364741.267367, "httpOnly": true, "name": "9O6M_2132_saltkey", "path": "/", "secure": false, "value": "YPm9TpM6"}, {"domain": "meinvhui88.com", "expiry": 1523773043.115999, "httpOnly": false, "name": "9O6M_2132_sendmail", "path": "/", "secure": false, "value": "1"}, {"domain": "meinvhui88.com", "httpOnly": true, "name": "9O6M_2132_auth", "path": "/", "secure": false, "value": "d4c5tERHj4fRj%2Fn%2BqucSXntmxGICBpzgzKwTTDpCidLY4bGZ67LrSXmUhvg7cJf%2BtSCSKtUr8DsjEamYoueun4nx"}, {"domain": "meinvhui88.com", "expiry": 1555308750.782434, "httpOnly": false, "name": "9O6M_2132_ulastactivity", "path": "/", "secure": false, "value": "5756w0xs1jhwSzit2iRXgPL1Up5W%2BuSI3CxvNhFxSwo6MwUbXuXU"}, {"domain": "meinvhui88.com", "expiry": 1539497555, "httpOnly": false, "name": "CNZZDATA1260290318", "path": "/", "secure": false, "value": "807416399-1523771159-%7C1523771159"}, {"domain": "meinvhui88.com", "expiry": 1523773055.346571, "httpOnly": false, "name": "9O6M_2132_onlineusernum", "path": "/", "secure": false, "value": "23"}, {"domain": "meinvhui88.com", "expiry": 1523859155.346594, "httpOnly": false, "name": "9O6M_2132_sid", "path": "/", "secure": false, "value": "QI3DB1"}, {"domain": "meinvhui88.com", "expiry": 1555308750.78259, "httpOnly": false, "name": "9O6M_2132_lastcheckfeed", "path": "/", "secure": false, "value": "8988%7C1523772661"}, {"domain": "meinvhui88.com", "expiry": 1523772780.782632, "httpOnly": false, "name": "9O6M_2132_checkfollow", "path": "/", "secure": false, "value": "1"}, {"domain": "meinvhui88.com", "httpOnly": false, "name": "9O6M_2132_lip", "path": "/", "secure": false, "value": "123.139.19.135%2C1523718252"}, {"domain": "meinvhui88.com", "expiry": 1523815950.782688, "httpOnly": false, "name": "9O6M_2132_security_cookiereport", "path": "/", "secure": false, "value": "749217BSfhI%2FAWTkaS%2Bvp8bz50IsnvnwlGUH3g2bVn7VqYPkYYOo"}, {"domain": "meinvhui88.com", "expiry": 1523859155.346449, "httpOnly": false, "name": "9O6M_2132_lastact", "path": "/", "secure": false, "value": "1523772666%09index.php%09"}, {"domain": "meinvhui88.com", "expiry": 1555308755.34653, "httpOnly": false, "name": "9O6M_2132_nofavfid", "path": "/", "secure": false, "value": "1"}]