[{"domain": "baiduvod.dontopen-caopornzuixin.httpswww97caoporn1com.site", "expiry": 1526363991.463839, "httpOnly": true, "name": "EBRJ_2132_saltkey", "path": "/", "secure": false, "value": "bzyY7yY3"}, {"domain": "baiduvod.dontopen-caopornzuixin.httpswww97caoporn1com.site", "expiry": 1523772035.987233, "httpOnly": false, "name": "EBRJ_2132_checkpm", "path": "/", "secure": false, "value": "1"}, {"domain": "baiduvod.dontopen-caopornzuixin.httpswww97caoporn1com.site", "expiry": 1526363991.46388, "httpOnly": false, "name": "EBRJ_2132_lastvisit", "path": "/", "secure": false, "value": "1523768327"}, {"domain": "baiduvod.dontopen-caopornzuixin.httpswww97caoporn1com.site", "expiry": 1523772035.390061, "httpOnly": false, "name": "EBRJ_2132_checkfollow", "path": "/", "secure": false, "value": "1"}, {"domain": "baiduvod.dontopen-caopornzuixin.httpswww97caoporn1com.site", "httpOnly": false, "name": "EBRJ_2132_lip", "path": "/", "secure": false, "value": "116.23.154.16%2C1523771944"}, {"domain": "baiduvod.dontopen-caopornzuixin.httpswww97caoporn1com.site", "expiry": 1523772293.414912, "httpOnly": false, "name": "EBRJ_2132_sendmail", "path": "/", "secure": false, "value": "1"}, {"domain": ".baiduvod.dontopen-caopornzuixin.httpswww97caoporn1com.site", "expiry": 1555308006, "httpOnly": false, "name": "Hm_lvt_8ca0e90a04a4f76cf7126c71fdfab001", "path": "/", "secure": false, "value": "1523771997"}, {"domain": "baiduvod.dontopen-caopornzuixin.httpswww97caoporn1com.site", "httpOnly": true, "name": "EBRJ_2132_auth", "path": "/", "secure": false, "value": "506dWwUfUanHSFfGoKqlH3wJZpFe5z%2BCem8W4Q0Sp5bcnYS0iIhS5Y%2F03y1uAUxFpM36f3wMin2slMGak56RLaY"}, {"domain": "baiduvod.dontopen-caopornzuixin.httpswww97caoporn1com.site", "expiry": 1555308005.389868, "httpOnly": false, "name": "EBRJ_2132_ulastactivity", "path": "/", "secure": false, "value": "6efeo%2Fm34aI%2FMv%2FpoXwrf3QqItF%2F%2BBPWna00Zw%2BDBCj73LlvJKpZ"}, {"domain": "baiduvod.dontopen-caopornzuixin.httpswww97caoporn1com.site", "expiry": 1555308005.39004, "httpOnly": false, "name": "EBRJ_2132_lastcheckfeed", "path": "/", "secure": false, "value": "506%7C1523771941"}, {"domain": "baiduvod.dontopen-caopornzuixin.httpswww97caoporn1com.site", "expiry": 1523772606, "httpOnly": false, "name": "EBRJ_2132_noticeTitle", "path": "/", "secure": false, "value": "1"}, {"domain": ".baiduvod.dontopen-caopornzuixin.httpswww97caoporn1com.site", "httpOnly": false, "name": "Hm_lpvt_8ca0e90a04a4f76cf7126c71fdfab001", "path": "/", "secure": false, "value": "1523772007"}, {"domain": "baiduvod.dontopen-caopornzuixin.httpswww97caoporn1com.site", "expiry": 1523858409.452629, "httpOnly": false, "name": "EBRJ_2132_sid", "path": "/", "secure": false, "value": "cELEee"}, {"domain": "baiduvod.dontopen-caopornzuixin.httpswww97caoporn1com.site", "expiry": 1523858409.452606, "httpOnly": false, "name": "EBRJ_2132_lastact", "path": "/", "secure": false, "value": "1523771945%09portal.php%09"}]