[{"domain": ".qunlanggu.com", "expiry": 1523770388.832119, "httpOnly": false, "name": "iHqX_00cc_checkpm", "path": "/", "secure": false, "value": "1"}, {"domain": ".qunlanggu.com", "expiry": 1555306359, "httpOnly": false, "name": "Hm_lvt_c079354d3924d894ba9add53d6897fbc", "path": "/", "secure": false, "value": "1523770359"}, {"domain": ".qunlanggu.com", "expiry": 1526362354.630641, "httpOnly": false, "name": "iHqX_00cc_lastvisit", "path": "/", "secure": false, "value": "1523766778"}, {"domain": ".qunlanggu.com", "expiry": 1526362354.630604, "httpOnly": true, "name": "iHqX_00cc_saltkey", "path": "/", "secure": false, "value": "VaNAeAOR"}, {"domain": ".qunlanggu.com", "expiry": 1523856760.015548, "httpOnly": false, "name": "iHqX_00cc_lastact", "path": "/", "secure": false, "value": "1523770384%09misc.php%09patch"}, {"domain": ".qunlanggu.com", "expiry": 1555306354.630724, "httpOnly": false, "name": "iHqX_00cc_auth", "path": "/", "secure": false, "value": "79f24i1lFtYk3WCVftTMUAuQE%2BVExhSJqoUV%2FWo%2FGWsGm9Q14WOkUTUE55mPaSC3k3jsTBE4v4ZFv4uyg0qe%2BGhZ"}, {"domain": ".qunlanggu.com", "expiry": 1555306358.194202, "httpOnly": false, "name": "iHqX_00cc_nofavfid", "path": "/", "secure": false, "value": "1"}, {"domain": "qunlanggu.com", "expiry": 1539495158, "httpOnly": false, "name": "CNZZDATA1262385576", "path": "/", "secure": false, "value": "518384878-1523768945-http%253A%252F%252Fqunlanggu.cn%252F%7C1523768945"}, {"domain": ".qunlanggu.com", "expiry": 1523770658.194255, "httpOnly": false, "name": "iHqX_00cc_onlineusernum", "path": "/", "secure": false, "value": "106"}, {"domain": ".qunlanggu.com", "expiry": 1523770958, "httpOnly": false, "name": "iHqX_00cc_noticeTitle", "path": "/", "secure": false, "value": "1"}, {"domain": ".qunlanggu.com", "expiry": 1555306358.19432, "httpOnly": false, "name": "iHqX_00cc_ulastactivity", "path": "/", "secure": false, "value": "0c816B%2BCr0nznYFk8R6lZpUu%2B3DSDWuuQUOS8%2FZTG3SDrAiKpnMx"}, {"domain": ".qunlanggu.com", "expiry": 1539495158, "httpOnly": false, "name": "UM_distinctid", "path": "/", "secure": false, "value": "162c7ca7c0d3eb-0746efe67f3271-5f4f2816-1fa400-162c7ca7c0e2c0"}, {"domain": ".qunlanggu.com", "expiry": 1523770658.951419, "httpOnly": false, "name": "iHqX_00cc_sendmail", "path": "/", "secure": false, "value": "1"}, {"domain": ".qunlanggu.com", "httpOnly": false, "name": "Hm_lpvt_c079354d3924d894ba9add53d6897fbc", "path": "/", "secure": false, "value": "1523770359"}, {"domain": ".qunlanggu.com", "expiry": 1523856760.015418, "httpOnly": false, "name": "iHqX_00cc_sid", "path": "/", "secure": false, "value": "WejIkz"}, {"domain": ".qunlanggu.com", "httpOnly": false, "name": "iHqX_00cc_lip", "path": "/", "secure": false, "value": "116.22.59.154%2C1523770383"}]