[{"domain": "skonlt0.com", "expiry": 1555304575.604279, "httpOnly": false, "name": "RqGg_2132_ulastactivity", "path": "/", "secure": false, "value": "7381GSg33xp0c04Bskerfm7IRjM49kFW9FRTU0W1AHajHhiswwmX"}, {"domain": "skonlt0.com", "expiry": 1539493247, "httpOnly": false, "name": "CNZZDATA1261963471", "path": "/", "secure": false, "value": "659895534-1523764278-%7C1523764278"}, {"domain": ".skonlt0.com", "expiry": 1555304433.376553, "httpOnly": true, "name": "__cfduid", "path": "/", "secure": false, "value": "d1201528c6e1b4fb697ed58bdbe5fd3681523768431"}, {"domain": "skonlt0.com", "expiry": 1526360433.376591, "httpOnly": true, "name": "RqGg_2132_saltkey", "path": "/", "secure": false, "value": "Kj5p632W"}, {"domain": "skonlt0.com", "expiry": 1526360433.37661, "httpOnly": false, "name": "RqGg_2132_lastvisit", "path": "/", "secure": false, "value": "1523764831"}, {"domain": ".skonlt0.com", "expiry": 1539493247, "httpOnly": false, "name": "UM_distinctid", "path": "/", "secure": false, "value": "162c7ad51dc180-03fe129f4678fa-5f4f2816-1fa400-162c7ad51de37d"}, {"domain": "skonlt0.com", "httpOnly": false, "name": "RqGg_2132_lip", "path": "/", "secure": false, "value": "116.23.155.135%2C1523544872"}, {"domain": "skonlt0.com", "expiry": 1523768736.239253, "httpOnly": false, "name": "RqGg_2132_sendmail", "path": "/", "secure": false, "value": "1"}, {"domain": "skonlt0.com", "expiry": 1523854975.603977, "httpOnly": false, "name": "RqGg_2132_lastact", "path": "/", "secure": false, "value": "1523768573%09member.php%09logging"}, {"domain": "skonlt0.com", "expiry": 1523854975.604208, "httpOnly": false, "name": "RqGg_2132_sid", "path": "/", "secure": false, "value": "DDdHZ3"}, {"domain": "skonlt0.com", "httpOnly": true, "name": "RqGg_2132_auth", "path": "/", "secure": false, "value": "3829ETr%2BkpqMIBGeD1hwPdRZIewyoedLsyzcnZjabS0nmbnSFZhxelVafO%2FEiyHDAIe87CuWRDSnAQwrY2GI%2BBj2sw"}, {"domain": "skonlt0.com", "httpOnly": false, "name": "RqGg_2132_creditnotice", "path": "/", "secure": false, "value": "0D2D0D0D0D0D0D0D0D36689"}, {"domain": "skonlt0.com", "httpOnly": false, "name": "RqGg_2132_creditbase", "path": "/", "secure": false, "value": "0D69D1D0D0D0D0D0D0"}, {"domain": "skonlt0.com", "httpOnly": false, "name": "RqGg_2132_creditrule", "path": "/", "secure": false, "value": "%E6%AF%8F%E5%A4%A9%E7%99%BB%E5%BD%95"}, {"domain": "skonlt0.com", "expiry": 1555304575.604767, "httpOnly": false, "name": "RqGg_2132_lastcheckfeed", "path": "/", "secure": false, "value": "36689%7C1523768573"}, {"domain": "skonlt0.com", "expiry": 1523768605.604833, "httpOnly": false, "name": "RqGg_2132_checkfollow", "path": "/", "secure": false, "value": "1"}]