[{"domain": "www.chaoduo.xyz", "expiry": 1526364666.445621, "httpOnly": true, "name": "ghHq_2132_saltkey", "path": "/", "secure": true, "value": "jN5b5Sm9"}, {"domain": "www.chaoduo.xyz", "expiry": 1523772968.890166, "httpOnly": false, "name": "ghHq_2132_sendmail", "path": "/", "secure": true, "value": "1"}, {"domain": "www.chaoduo.xyz", "expiry": 1523773275, "httpOnly": false, "name": "ghHq_2132_noticeTitle", "path": "/", "secure": false, "value": "1"}, {"domain": "www.chaoduo.xyz", "expiry": 1526364666.44566, "httpOnly": false, "name": "ghHq_2132_lastvisit", "path": "/", "secure": true, "value": "1523769062"}, {"domain": ".chaoduo.xyz", "expiry": 1539497468, "httpOnly": false, "name": "UM_distinctid", "path": "/", "secure": false, "value": "162c7edbc277bb-0df5fa46299c3f-5f4f2816-1fa400-162c7edbc2921d"}, {"domain": "www.chaoduo.xyz", "expiry": 1539497475, "httpOnly": false, "name": "CNZZDATA1261530092", "path": "/", "secure": false, "value": "522856029-1523772128-%7C1523772128"}, {"domain": "www.chaoduo.xyz", "expiry": 1555308671.116476, "httpOnly": false, "name": "ghHq_2132_lastcheckfeed", "path": "/", "secure": true, "value": "57324%7C1523772667"}, {"domain": "www.chaoduo.xyz", "httpOnly": true, "name": "ghHq_2132_auth", "path": "/", "secure": true, "value": "7bf9YhYPMHxwb67dW4oslBwU5pzGGpULXwaav%2B%2FYtcPf4AFq62upUeismIqZcbyc63pzZlpecvqlqy4fBp%2BDv16E9A"}, {"domain": ".www.chaoduo.xyz", "expiry": 1555308675, "httpOnly": false, "name": "Hm_lvt_56286f1079f4445beef361effa93ab19", "path": "/", "secure": false, "value": "1523772669"}, {"domain": ".www.chaoduo.xyz", "httpOnly": false, "name": "Hm_lpvt_56286f1079f4445beef361effa93ab19", "path": "/", "secure": false, "value": "1523772676"}, {"domain": "www.chaoduo.xyz", "expiry": 1555308671.116378, "httpOnly": false, "name": "ghHq_2132_ulastactivity", "path": "/", "secure": true, "value": "19d8cOIJJEtzU0KitFPTTjHuZzwEtgjScRzhJtHk1MHVbplbFCUp"}, {"domain": "www.chaoduo.xyz", "expiry": 1523772701.116495, "httpOnly": false, "name": "ghHq_2132_checkfollow", "path": "/", "secure": true, "value": "1"}, {"domain": "www.chaoduo.xyz", "expiry": 1523772705.828671, "httpOnly": false, "name": "ghHq_2132_checkpm", "path": "/", "secure": true, "value": "1"}, {"domain": "www.chaoduo.xyz", "expiry": 1523859076.107557, "httpOnly": false, "name": "ghHq_2132_sid", "path": "/", "secure": true, "value": "K4080b"}, {"domain": "www.chaoduo.xyz", "httpOnly": false, "name": "ghHq_2132_lip", "path": "/", "secure": true, "value": "113.68.179.87%2C1523772672"}, {"domain": "www.chaoduo.xyz", "expiry": 1523859076.107626, "httpOnly": false, "name": "ghHq_2132_lastact", "path": "/", "secure": true, "value": "1523772672%09misc.php%09patch"}]