[{"domain": "www.17kav.vip", "expiry": 1523773294.283644, "httpOnly": false, "name": "xMxl_2132_checkpm", "path": "/", "secure": false, "value": "1"}, {"domain": "www.17kav.vip", "expiry": 1526365255.842141, "httpOnly": true, "name": "xMxl_2132_saltkey", "path": "/", "secure": false, "value": "E3G5tQ3y"}, {"domain": "www.17kav.vip", "expiry": 1539498064, "httpOnly": false, "name": "CNZZDATA1273293729", "path": "/", "secure": false, "value": "1808033681-1523772136-%7C1523772136"}, {"domain": "www.17kav.vip", "expiry": 1526365255.842162, "httpOnly": false, "name": "xMxl_2132_lastvisit", "path": "/", "secure": false, "value": "1523805628"}, {"domain": "www.17kav.vip", "expiry": 1523773290.897226, "httpOnly": false, "name": "xMxl_2132_checkfollow", "path": "/", "secure": false, "value": "1"}, {"domain": "www.17kav.vip", "expiry": 1523773556.667563, "httpOnly": false, "name": "xMxl_2132_sendmail", "path": "/", "secure": false, "value": "1"}, {"domain": ".17kav.vip", "expiry": 1539498057, "httpOnly": false, "name": "UM_distinctid", "path": "/", "secure": false, "value": "162c7f6b558564-06ee3a83855177-5f4f2816-1fa400-162c7f6b5593e9"}, {"domain": "www.17kav.vip", "httpOnly": true, "name": "xMxl_2132_auth", "path": "/", "secure": false, "value": "01ddsMOI04EGmZ%2FZwITvyDLPTKBCHwJoYhujamUwWbSLZAiU26AnP%2BX12NqfZ3llY0OCOy6zPaqMyF0C555xwMX3FQ"}, {"domain": "www.17kav.vip", "expiry": 1555309260.897105, "httpOnly": false, "name": "xMxl_2132_ulastactivity", "path": "/", "secure": false, "value": "e9a6U5irZJ4iRK91LhMJIzb0zLeDPQO09ROC19%2FBe44HCiXfbKSh"}, {"domain": "www.17kav.vip", "expiry": 1555309260.897205, "httpOnly": false, "name": "xMxl_2132_lastcheckfeed", "path": "/", "secure": false, "value": "17749%7C1523809233"}, {"domain": "www.17kav.vip", "httpOnly": false, "name": "xMxl_2132_member_login_status", "path": "/", "secure": false, "value": "1"}, {"domain": "www.17kav.vip", "expiry": 1524061268.158416, "httpOnly": true, "name": "yunsuo_session_verify", "path": "/", "secure": false, "value": "b941448ff35153c8fcef2232686f8ced"}, {"domain": "www.17kav.vip", "expiry": 1523859668.158349, "httpOnly": false, "name": "xMxl_2132_sid", "path": "/", "secure": false, "value": "GOfOgO"}, {"domain": "www.17kav.vip", "httpOnly": false, "name": "xMxl_2132_lip", "path": "/", "secure": false, "value": "116.21.181.193%2C1523809236"}, {"domain": "www.17kav.vip", "expiry": 1523859668.158392, "httpOnly": false, "name": "xMxl_2132_lastact", "path": "/", "secure": false, "value": "1523809240%09misc.php%09patch"}]