[{"domain": "www.avhd2.com", "expiry": 1526364124.512956, "httpOnly": true, "name": "Hvgv_2132_saltkey", "path": "/", "secure": false, "value": "Fo5JXx3B"}, {"domain": "www.avhd2.com", "expiry": 1526364124.512999, "httpOnly": false, "name": "Hvgv_2132_lastvisit", "path": "/", "secure": false, "value": "1523768500"}, {"domain": "www.avhd2.com", "expiry": 1523772160.359613, "httpOnly": false, "name": "Hvgv_2132_checkfollow", "path": "/", "secure": false, "value": "1"}, {"domain": "www.avhd2.com", "expiry": 1523772426.450216, "httpOnly": false, "name": "Hvgv_2132_sendmail", "path": "/", "secure": false, "value": "1"}, {"domain": ".avhd2.com", "expiry": 1539496927, "httpOnly": false, "name": "UM_distinctid", "path": "/", "secure": false, "value": "162c7e57a07413-0d95c5bffa9719-5f4f2816-1fa400-162c7e57a081bd"}, {"domain": "www.avhd2.com", "httpOnly": true, "name": "Hvgv_2132_auth", "path": "/", "secure": false, "value": "d8beF6l5%2Bu25EangsW9gqagPeXy1ZW08KDnVjCgKe2vDLa%2BSe2K0lKDWB5WCNG6TM1NvQsHkOVHcN2%2B9XZ%2BqT55Z"}, {"domain": "www.avhd2.com", "expiry": 1555308130.359371, "httpOnly": false, "name": "Hvgv_2132_ulastactivity", "path": "/", "secure": false, "value": "1b2arnW0wLsoUaRwIHcvsu0a%2BTXNfjiJvHYoB2r%2BeHcp%2Fx%2F9iRtB"}, {"domain": "www.avhd2.com", "expiry": 1539496934, "httpOnly": false, "name": "CNZZDATA1260776314", "path": "/", "secure": false, "value": "1736940761-1523768604-%7C1523768604"}, {"domain": "www.avhd2.com", "expiry": 1555308130.359593, "httpOnly": false, "name": "Hvgv_2132_lastcheckfeed", "path": "/", "secure": false, "value": "2651%7C1523772105"}, {"domain": "www.avhd2.com", "expiry": 1523772164.406143, "httpOnly": false, "name": "Hvgv_2132_checkpm", "path": "/", "secure": false, "value": "1"}, {"domain": "www.avhd2.com", "expiry": 1523772734, "httpOnly": false, "name": "Hvgv_2132_noticeTitle", "path": "/", "secure": false, "value": "1"}, {"domain": "www.avhd2.com", "expiry": 1523858540.893498, "httpOnly": false, "name": "Hvgv_2132_sid", "path": "/", "secure": false, "value": "M9tV9r"}, {"domain": "www.avhd2.com", "httpOnly": false, "name": "Hvgv_2132_lip", "path": "/", "secure": false, "value": "116.21.180.193%2C1523772109"}, {"domain": "www.avhd2.com", "expiry": 1523858540.893551, "httpOnly": false, "name": "Hvgv_2132_lastact", "path": "/", "secure": false, "value": "1523772116%09misc.php%09patch"}]