[{"domain": "www.91jidi.me", "httpOnly": true, "name": "_d_id", "path": "/", "secure": false, "value": "fe6bf6aff3c551e05926d2ea638df0"}, {"domain": "www.91jidi.me", "expiry": 1526363175.472885, "httpOnly": true, "name": "UM82_2132_saltkey", "path": "/", "secure": false, "value": "vGyfg3B7"}, {"domain": "www.91jidi.me", "expiry": 1523771477.654832, "httpOnly": false, "name": "UM82_2132_sendmail", "path": "/", "secure": false, "value": "1"}, {"domain": "www.91jidi.me", "expiry": 1526363175.472921, "httpOnly": false, "name": "UM82_2132_lastvisit", "path": "/", "secure": false, "value": "1523825182"}, {"domain": "www.91jidi.me", "expiry": 1523857602.890164, "httpOnly": false, "name": "UM82_2132_lastact", "path": "/", "secure": false, "value": "1523828809%09member.php%09logging"}, {"domain": "www.91jidi.me", "httpOnly": false, "name": "UM82_2132_seccode", "path": "/", "secure": false, "value": "43.c1f78876ca721f3729"}, {"domain": "www.91jidi.me", "expiry": 1555307202.890212, "httpOnly": false, "name": "UM82_2132_ulastactivity", "path": "/", "secure": false, "value": "1523828809%7C0"}, {"domain": "www.91jidi.me", "expiry": 1555307202.890349, "httpOnly": false, "name": "UM82_2132_lastcheckfeed", "path": "/", "secure": false, "value": "50084%7C1523828809"}, {"domain": "www.91jidi.me", "httpOnly": true, "name": "UM82_2132_auth", "path": "/", "secure": false, "value": "4fa0WXk6k8dZaOYyrEWuw8963TcL%2F7ghGtyo6aGCq0iDIy1yUq4XTnO9tHWBnKtpLKeGTIkdWY7brF52Tab%2FgiAcKw"}, {"domain": "www.91jidi.me", "expiry": 1523771232.890382, "httpOnly": false, "name": "UM82_2132_checkfollow", "path": "/", "secure": false, "value": "1"}, {"domain": "www.91jidi.me", "httpOnly": false, "name": "UM82_2132_lip", "path": "/", "secure": false, "value": "116.22.59.154%2C1523828809"}, {"domain": "www.91jidi.me", "expiry": 1523814402.890428, "httpOnly": false, "name": "UM82_2132_security_cookiereport", "path": "/", "secure": false, "value": "b4eb6C3cam56IpWRLwVAzMfv2waOHMeteDATFCwtuozj%2FKqmYVjo"}]