[{"domain": "www.hf7.info", "expiry": 1555307153.630711, "httpOnly": false, "name": "ePDD_2132_nofavfid", "path": "/", "secure": false, "value": "1"}, {"domain": "www.hf7.info", "expiry": 1526363144.738442, "httpOnly": false, "name": "ePDD_2132_lastvisit", "path": "/", "secure": false, "value": "1523767542"}, {"domain": "www.hf7.info", "expiry": 1526363144.738401, "httpOnly": true, "name": "ePDD_2132_saltkey", "path": "/", "secure": false, "value": "KAYLrJoY"}, {"domain": "www.hf7.info", "expiry": 1523771180.196873, "httpOnly": false, "name": "ePDD_2132_checkfollow", "path": "/", "secure": false, "value": "1"}, {"domain": "www.hf7.info", "expiry": 1523771445.552897, "httpOnly": false, "name": "ePDD_2132_sendmail", "path": "/", "secure": false, "value": "1"}, {"domain": "www.hf7.info", "httpOnly": true, "name": "ePDD_2132_auth", "path": "/", "secure": false, "value": "00f08tEeq2Zi65UMMMZ4ojvjv8v29gSY4MfEwXtjvtynHbLFJGCS4TzVSIbJMrVQiqmmcOpisuKeSJ9afBu%2FUn3XgTY"}, {"domain": "www.hf7.info", "expiry": 1555307150.196521, "httpOnly": false, "name": "ePDD_2132_ulastactivity", "path": "/", "secure": false, "value": "8348BHQTpCKPL83wwJNW4kbaDC2rQH6I6bwMCyjRd0z7HhU70Xvy"}, {"domain": "www.hf7.info", "httpOnly": false, "name": "__51cke__", "path": "/", "secure": false, "value": ""}, {"domain": "www.hf7.info", "expiry": 1523857556.328105, "httpOnly": false, "name": "ePDD_2132_sid", "path": "/", "secure": false, "value": "RN9bBo"}, {"domain": "www.hf7.info", "expiry": 1523771453.630736, "httpOnly": false, "name": "ePDD_2132_onlineusernum", "path": "/", "secure": false, "value": "115"}, {"domain": "www.hf7.info", "expiry": 1555307150.196816, "httpOnly": false, "name": "ePDD_2132_lastcheckfeed", "path": "/", "secure": false, "value": "302766%7C1523771147"}, {"domain": "www.hf7.info", "expiry": 1523857556.328177, "httpOnly": false, "name": "ePDD_2132_lastact", "path": "/", "secure": false, "value": "1523771153%09misc.php%09patch"}, {"domain": "www.hf7.info", "httpOnly": false, "name": "__tins__19109692", "path": "/", "secure": false, "value": "%7B%22sid%22%3A%201523771146628%2C%20%22vd%22%3A%202%2C%20%22expires%22%3A%201523772955613%7D"}, {"domain": "www.hf7.info", "httpOnly": false, "name": "__51laig__", "path": "/", "secure": false, "value": "2"}, {"domain": "www.hf7.info", "expiry": 1650001555, "httpOnly": false, "name": "bdshare_firstime", "path": "/", "secure": false, "value": "1523771155633"}, {"domain": "www.hf7.info", "expiry": 1523771185.827706, "httpOnly": false, "name": "ePDD_2132_checkpm", "path": "/", "secure": false, "value": "1"}, {"domain": "www.hf7.info", "expiry": 1523771755, "httpOnly": false, "name": "ePDD_2132_noticeTitle", "path": "/", "secure": false, "value": "1"}, {"domain": "www.hf7.info", "httpOnly": false, "name": "ePDD_2132_lip", "path": "/", "secure": false, "value": "113.67.74.14%2C1523771153"}]