[{"domain": "www.52yuanwei.red", "expiry": 1526364547.368067, "httpOnly": true, "name": "4ikT_2132_saltkey", "path": "/", "secure": false, "value": "XzAxZNyM"}, {"domain": "www.52yuanwei.red", "expiry": 1523772849.482337, "httpOnly": false, "name": "4ikT_2132_sendmail", "path": "/", "secure": false, "value": "1"}, {"domain": "www.52yuanwei.red", "expiry": 1526364547.368107, "httpOnly": false, "name": "4ikT_2132_lastvisit", "path": "/", "secure": false, "value": "1523768325"}, {"domain": "www.52yuanwei.red", "expiry": 1523858956.878133, "httpOnly": false, "name": "4ikT_2132_lastact", "path": "/", "secure": false, "value": "1523771935%09member.php%09logging"}, {"domain": "www.52yuanwei.red", "httpOnly": false, "name": "4ikT_2132_seccode", "path": "/", "secure": false, "value": "2514.dbde7e70abe53a8287"}, {"domain": "www.52yuanwei.red", "expiry": 1555308556.878566, "httpOnly": false, "name": "4ikT_2132_lastcheckfeed", "path": "/", "secure": false, "value": "13390%7C1523771935"}, {"domain": "www.52yuanwei.red", "httpOnly": true, "name": "4ikT_2132_auth", "path": "/", "secure": false, "value": "f6dbFBfuGTointC0g4mZ54j7NoomOk2SrUz8nwp6%2FAgKimC2JxGfDdlGq2kQ3kacppSKW46MM7f7pExDBNTBPIWwUQ"}, {"domain": "www.52yuanwei.red", "expiry": 1523858956.878259, "httpOnly": false, "name": "4ikT_2132_sid", "path": "/", "secure": false, "value": "P2j8d8"}, {"domain": "www.52yuanwei.red", "expiry": 1555308556.878314, "httpOnly": false, "name": "4ikT_2132_ulastactivity", "path": "/", "secure": false, "value": "bfdc0Bzeq0j4THrORhPOmNMhuLEcIQPKFdWvPG779o72bASKg2UF"}, {"domain": "www.52yuanwei.red", "expiry": 1523772586.878621, "httpOnly": false, "name": "4ikT_2132_checkfollow", "path": "/", "secure": false, "value": "1"}, {"domain": "www.52yuanwei.red", "httpOnly": false, "name": "4ikT_2132_lip", "path": "/", "secure": false, "value": "175.43.248.122%2C1523733156"}]