[{"domain": "www.kmmsq.cc", "httpOnly": false, "name": "ceRp_2132_creditnotice", "path": "/", "secure": false, "value": "0D0D2D0D0D0D0D0D0D289"}, {"domain": "www.kmmsq.cc", "expiry": 1523774143.497498, "httpOnly": false, "name": "ceRp_2132_checkpm", "path": "/", "secure": false, "value": "1"}, {"domain": ".www.kmmsq.cc", "expiry": 1555310112, "httpOnly": false, "name": "Hm_lvt_811dbf16f8fbe8d2902fe09f45cfdc3c", "path": "/", "secure": false, "value": "1523774101"}, {"domain": "www.kmmsq.cc", "expiry": 1523774398.379471, "httpOnly": false, "name": "ceRp_2132_sendmail", "path": "/", "secure": false, "value": "1"}, {"domain": "www.kmmsq.cc", "expiry": 1526366095.301609, "httpOnly": false, "name": "ceRp_2132_lastvisit", "path": "/", "secure": false, "value": "1523770493"}, {"domain": "www.kmmsq.cc", "expiry": 1526366095.301442, "httpOnly": true, "name": "ceRp_2132_saltkey", "path": "/", "secure": false, "value": "siVk53HV"}, {"domain": "www.kmmsq.cc", "httpOnly": true, "name": "ceRp_2132_auth", "path": "/", "secure": false, "value": "59e3U0StAa5Gm9Uw%2F0VYg3A6kCi1Z5QARNKVZGWGGOJUkoXwEzCrPkjXt7rGCktp14Ejg8FD5ghMWCJ%2FyWTIRyk"}, {"domain": "www.kmmsq.cc", "expiry": 1523860503.712526, "httpOnly": false, "name": "ceRp_2132_sid", "path": "/", "secure": false, "value": "yj90GF"}, {"domain": "www.kmmsq.cc", "expiry": 1555310103.712551, "httpOnly": false, "name": "ceRp_2132_ulastactivity", "path": "/", "secure": false, "value": "df9dBGAOjwFUGcKEouzmAinP4MVs53Kno6OJ3AatFxF%2FuYPy5wU8"}, {"domain": "www.kmmsq.cc", "httpOnly": false, "name": "ceRp_2132_creditbase", "path": "/", "secure": false, "value": "0D27D183D0D0D0D0D0D0"}, {"domain": "www.kmmsq.cc", "httpOnly": false, "name": "ceRp_2132_creditrule", "path": "/", "secure": false, "value": "%E6%AF%8F%E5%A4%A9%E7%99%BB%E5%BD%95"}, {"domain": "www.kmmsq.cc", "expiry": 1555310103.712712, "httpOnly": false, "name": "ceRp_2132_lastcheckfeed", "path": "/", "secure": false, "value": "289%7C1523774102"}, {"domain": "www.kmmsq.cc", "expiry": 1523774133.71275, "httpOnly": false, "name": "ceRp_2132_checkfollow", "path": "/", "secure": false, "value": "1"}, {"domain": "www.kmmsq.cc", "httpOnly": false, "name": "ceRp_2132_lip", "path": "/", "secure": false, "value": "49.80.88.200%2C1523608887"}, {"domain": "www.kmmsq.cc", "expiry": 1555310113.497471, "httpOnly": false, "name": "ceRp_2132_connect_is_bind", "path": "/", "secure": false, "value": "0"}, {"domain": "www.kmmsq.cc", "httpOnly": false, "name": "ceRp_2132_member_login_status", "path": "/", "secure": false, "value": "1"}, {"domain": ".www.kmmsq.cc", "httpOnly": false, "name": "Hm_lpvt_811dbf16f8fbe8d2902fe09f45cfdc3c", "path": "/", "secure": false, "value": "1523774112"}, {"domain": "www.kmmsq.cc", "expiry": 1523860513.497427, "httpOnly": false, "name": "ceRp_2132_lastact", "path": "/", "secure": false, "value": "1523774111%09home.php%09spacecp"}, {"domain": "www.kmmsq.cc", "expiry": 1523774714, "httpOnly": false, "name": "ceRp_2132_noticeTitle", "path": "/", "secure": false, "value": "1"}]