[{"domain": ".xunleicun.cc", "expiry": 1555308645, "httpOnly": false, "name": "Hm_lvt_af689465b9b181c1f2d9b66c74983d80", "path": "/", "secure": false, "value": "1523772634"}, {"domain": "www.xunleicun.cc", "expiry": 1526364631.961998, "httpOnly": false, "name": "FNlF_2132_lastvisit", "path": "/", "secure": false, "value": "1523768257"}, {"domain": "www.xunleicun.cc", "expiry": 1523772933.82025, "httpOnly": false, "name": "FNlF_2132_sendmail", "path": "/", "secure": false, "value": "1"}, {"domain": "www.xunleicun.cc", "expiry": 1526364631.961943, "httpOnly": true, "name": "FNlF_2132_saltkey", "path": "/", "secure": false, "value": "CxxjSZiz"}, {"domain": "www.xunleicun.cc", "httpOnly": false, "name": "FNlF_2132_creditrule", "path": "/", "secure": false, "value": "%E5%8F%91%E8%A1%A8%E5%9B%9E%E5%A4%8D"}, {"domain": "www.xunleicun.cc", "expiry": 1523859031.962072, "httpOnly": false, "name": "FNlF_2132_pc_size_c", "path": "/", "secure": false, "value": "0"}, {"domain": "www.xunleicun.cc", "expiry": 1523773242, "httpOnly": false, "name": "FNlF_2132_noticeTitle", "path": "/", "secure": false, "value": "1"}, {"domain": "www.xunleicun.cc", "expiry": 1555308636.706061, "httpOnly": false, "name": "FNlF_2132_ulastactivity", "path": "/", "secure": false, "value": "d7fd6GWdatuF%2FtDiXPNUxVHfn1PRtvQ%2Fojv0%2Fw7oLt3hf5Duo7Ta"}, {"domain": "www.xunleicun.cc", "expiry": 1839132633, "httpOnly": false, "name": "_uab_collina", "path": "/", "secure": false, "value": "152377263367228928285141"}, {"domain": ".xunleicun.cc", "expiry": 1539497434, "httpOnly": false, "name": "UM_distinctid", "path": "/", "secure": false, "value": "162c7ed341b65f-0da6c007957dc5-5f4f2816-1fa400-162c7ed341c60d"}, {"domain": "www.xunleicun.cc", "expiry": 1539497442, "httpOnly": false, "name": "CNZZDATA1271885360", "path": "/", "secure": false, "value": "114345899-1523770858-%7C1523770858"}, {"domain": "www.xunleicun.cc", "expiry": 1523859043.223802, "httpOnly": false, "name": "FNlF_2132_sid", "path": "/", "secure": false, "value": "OTNaBX"}, {"domain": "www.xunleicun.cc", "httpOnly": true, "name": "FNlF_2132_auth", "path": "/", "secure": false, "value": "3db7TF4j7WTii%2B%2BQ1jZUwbEMODspjH1R5F6PMIXHFE1xrazZ3tZ6oe3yXgiHieEJplPDnThgsImOkkY8jWwhdyP3bA"}, {"domain": "www.xunleicun.cc", "expiry": 1555308636.706508, "httpOnly": false, "name": "FNlF_2132_lastcheckfeed", "path": "/", "secure": false, "value": "19662%7C1523771862"}, {"domain": "www.xunleicun.cc", "expiry": 1523772666.706572, "httpOnly": false, "name": "FNlF_2132_checkfollow", "path": "/", "secure": false, "value": "1"}, {"domain": "www.xunleicun.cc", "expiry": 1523815836.706684, "httpOnly": false, "name": "FNlF_2132_security_cookiereport", "path": "/", "secure": false, "value": "0c2cluZ013t0yee%2FDfb2AsF2cvmoXDlG%2BYH4uMUelANfiLWKWocs"}, {"domain": "www.xunleicun.cc", "httpOnly": false, "name": "FNlF_2132_creditbase", "path": "/", "secure": false, "value": "0D0D104D0D2348D0D0D0D0"}, {"domain": "www.xunleicun.cc", "expiry": 1523776236.706751, "httpOnly": false, "name": "FNlF_2132_micxp_user_status", "path": "/", "secure": false, "value": "weixin"}, {"domain": "www.xunleicun.cc", "expiry": 1555308642.036208, "httpOnly": false, "name": "FNlF_2132_nofavfid", "path": "/", "secure": false, "value": "1"}, {"domain": "www.xunleicun.cc", "expiry": 1523772942.036242, "httpOnly": false, "name": "FNlF_2132_onlineusernum", "path": "/", "secure": false, "value": "856"}, {"domain": "www.xunleicun.cc", "httpOnly": false, "name": "FNlF_2132_lip", "path": "/", "secure": false, "value": "61.140.239.123%2C1523771862"}, {"domain": ".xunleicun.cc", "httpOnly": false, "name": "Hm_lpvt_af689465b9b181c1f2d9b66c74983d80", "path": "/", "secure": false, "value": "1523772645"}, {"domain": "www.xunleicun.cc", "expiry": 1523859044.694945, "httpOnly": false, "name": "FNlF_2132_lastact", "path": "/", "secure": false, "value": "1523771870%09plugin.php%09"}, {"domain": "www.xunleicun.cc", "httpOnly": false, "name": "FNlF_2132_creditnotice", "path": "/", "secure": false, "value": "0D0D2D0D4D0D0D0D0D19662"}]