[{"domain": "www.saojz.net", "httpOnly": false, "name": "mbhG_2132_creditnotice", "path": "/", "secure": false, "value": "0D5D0D0D0D0D0D0D0D7255"}, {"domain": "www.saojz.net", "expiry": 1526366859.778817, "httpOnly": false, "name": "mbhG_2132_lastvisit", "path": "/", "secure": false, "value": "1523770378"}, {"domain": "www.saojz.net", "expiry": 1526366859.778761, "httpOnly": true, "name": "mbhG_2132_saltkey", "path": "/", "secure": false, "value": "P555JMlv"}, {"domain": ".saojz.net", "expiry": 1539499661, "httpOnly": false, "name": "UM_distinctid", "path": "/", "secure": false, "value": "162c80f3072276-0e6040291e2061-5f4f2816-1fa400-162c80f30732c0"}, {"domain": "www.saojz.net", "expiry": 1555310886.23426, "httpOnly": false, "name": "mbhG_2132_ulastactivity", "path": "/", "secure": false, "value": "1d96kGgblQhUj5sVE4p6it5yb19wQfiNkduIMRPKBiIcqmJQRXvs"}, {"domain": "www.saojz.net", "expiry": 1539499661, "httpOnly": false, "name": "CNZZDATA1272824173", "path": "/", "secure": false, "value": "623259760-1523770845-%7C1523770845"}, {"domain": "www.saojz.net", "httpOnly": true, "name": "mbhG_2132_auth", "path": "/", "secure": false, "value": "646bPXVPgCo%2BL0J96BknHEQGRQssGJygzUTpBG4jiQdXIhh%2Fm1PcK6mTbfSxCC7wLKvX8gsw6HIEpKqVfFIhhFRp"}, {"domain": "www.saojz.net", "expiry": 1523861286.23418, "httpOnly": false, "name": "mbhG_2132_lastact", "path": "/", "secure": false, "value": "1523774004%09member.php%09logging"}, {"domain": "www.saojz.net", "expiry": 1523861286.234235, "httpOnly": false, "name": "mbhG_2132_sid", "path": "/", "secure": false, "value": "e3AvzZ"}, {"domain": "www.saojz.net", "httpOnly": false, "name": "mbhG_2132_creditbase", "path": "/", "secure": false, "value": "0D5033D0D0D0D0D0D0D0"}, {"domain": "www.saojz.net", "httpOnly": false, "name": "mbhG_2132_creditrule", "path": "/", "secure": false, "value": "%E6%AF%8F%E5%A4%A9%E7%99%BB%E5%BD%95"}, {"domain": "www.saojz.net", "expiry": 1555310886.2344, "httpOnly": false, "name": "mbhG_2132_lastcheckfeed", "path": "/", "secure": false, "value": "7255%7C1523774004"}, {"domain": "www.saojz.net", "expiry": 1523774916.234421, "httpOnly": false, "name": "mbhG_2132_checkfollow", "path": "/", "secure": false, "value": "1"}, {"domain": "www.saojz.net", "httpOnly": false, "name": "mbhG_2132_lip", "path": "/", "secure": false, "value": "113.65.160.94%2C1523623639"}, {"domain": "www.saojz.net", "expiry": 1523818086.234459, "httpOnly": false, "name": "mbhG_2132_security_cookiereport", "path": "/", "secure": false, "value": "1e43%2F%2FUnmp4LSrVPpLczd9BOr9ReodPbM%2BAPL2spwSDGo2VGdxOx"}]