[{"domain": "www.avfun6.vip", "expiry": 1526366213.299203, "httpOnly": true, "name": "GsLu_2132_saltkey", "path": "/", "secure": false, "value": "GY3Mig51"}, {"domain": "www.avfun6.vip", "expiry": 1526366213.299234, "httpOnly": false, "name": "GsLu_2132_lastvisit", "path": "/", "secure": false, "value": "1523770610"}, {"domain": ".avfun6.vip", "expiry": 1555310213.299155, "httpOnly": true, "name": "__cfduid", "path": "/", "secure": false, "value": "d871ea8cabb92fc3ffa45012bf48f098b1523774210"}, {"domain": "www.avfun6.vip", "expiry": 1523774515.138014, "httpOnly": false, "name": "GsLu_2132_sendmail", "path": "/", "secure": false, "value": "1"}, {"domain": "www.avfun6.vip", "expiry": 1650004615, "httpOnly": false, "name": "bdshare_firstime", "path": "/", "secure": false, "value": "1523774215660"}, {"domain": ".www.avfun6.vip", "expiry": 1555310215, "httpOnly": false, "name": "Hm_lvt_7ebaea5798543f9f0807e15a5cbf0561", "path": "/", "secure": false, "value": "1523774216"}, {"domain": "www.avfun6.vip", "expiry": 1523860625.179467, "httpOnly": false, "name": "GsLu_2132_sid", "path": "/", "secure": false, "value": "Zq5f8C"}, {"domain": ".www.avfun6.vip", "httpOnly": false, "name": "Hm_lpvt_7ebaea5798543f9f0807e15a5cbf0561", "path": "/", "secure": false, "value": "1523774216"}, {"domain": "www.avfun6.vip", "httpOnly": false, "name": "GsLu_2132_seccode", "path": "/", "secure": false, "value": "1641.e212402eec4e5f3577"}, {"domain": "www.avfun6.vip", "expiry": 1523860625.179401, "httpOnly": false, "name": "GsLu_2132_lastact", "path": "/", "secure": false, "value": "1523774222%09member.php%09logging"}, {"domain": "www.avfun6.vip", "expiry": 1555310225.179494, "httpOnly": false, "name": "GsLu_2132_ulastactivity", "path": "/", "secure": false, "value": "eb69k2NLk9eRBh7Q6icPB13X0HInyp61y%2FigejEkbHk%2FdztAhKCU"}, {"domain": "www.avfun6.vip", "httpOnly": true, "name": "GsLu_2132_auth", "path": "/", "secure": false, "value": "7d8dyxmllZ5%2BiKuZbm6GSzXfipu5YnVmvEyuRcj3fAMKX%2BGIozB49lYrAUugG8%2BRZosDw5doBO%2B6g2wVEEVEJcc"}, {"domain": "www.avfun6.vip", "httpOnly": false, "name": "GsLu_2132_creditnotice", "path": "/", "secure": false, "value": "0D0D30D0D0D0D0D0D0D349"}, {"domain": "www.avfun6.vip", "httpOnly": false, "name": "GsLu_2132_creditbase", "path": "/", "secure": false, "value": "0D5D2269D0D0D0D0D0D0"}, {"domain": "www.avfun6.vip", "httpOnly": false, "name": "GsLu_2132_creditrule", "path": "/", "secure": false, "value": "%E6%AF%8F%E5%A4%A9%E7%99%BB%E5%BD%95"}, {"domain": "www.avfun6.vip", "expiry": 1555310225.179629, "httpOnly": false, "name": "GsLu_2132_lastcheckfeed", "path": "/", "secure": false, "value": "349%7C1523774222"}, {"domain": "www.avfun6.vip", "expiry": 1523774255.179649, "httpOnly": false, "name": "GsLu_2132_checkfollow", "path": "/", "secure": false, "value": "1"}, {"domain": "www.avfun6.vip", "httpOnly": false, "name": "GsLu_2132_lip", "path": "/", "secure": false, "value": "113.68.179.87%2C1523623763"}]