[{"domain": ".fuliking2.com", "expiry": 1555309195.646951, "httpOnly": true, "name": "__cfduid", "path": "/", "secure": false, "value": "dcb2aa078579be8cecb08859b53fae7b61523773193"}, {"domain": "www.fuliking2.com", "expiry": 1523773238.189798, "httpOnly": false, "name": "Pvl3_2132_checkpm", "path": "/", "secure": false, "value": "1"}, {"domain": "www.fuliking2.com", "expiry": 1526365195.64699, "httpOnly": true, "name": "Pvl3_2132_saltkey", "path": "/", "secure": false, "value": "P5dM5VZV"}, {"domain": "www.fuliking2.com", "expiry": 1523775008, "httpOnly": false, "name": "_pk_ses.3.eaba", "path": "/", "secure": false, "value": "*"}, {"domain": "www.fuliking2.com", "expiry": 1523816402.578395, "httpOnly": false, "name": "Pvl3_2132_security_cookiereport", "path": "/", "secure": false, "value": "da41TUc43Ofto6fGBOqR7hxKOZpNBvMsvyrJfB0azrAKWNZxRhC7"}, {"domain": "www.fuliking2.com", "expiry": 1526365195.647012, "httpOnly": false, "name": "Pvl3_2132_lastvisit", "path": "/", "secure": false, "value": "1523769584"}, {"domain": "www.fuliking2.com", "expiry": 1523773497.771077, "httpOnly": false, "name": "Pvl3_2132_sendmail", "path": "/", "secure": false, "value": "1"}, {"domain": "www.fuliking2.com", "expiry": 1523773233.578357, "httpOnly": false, "name": "Pvl3_2132_checkfollow", "path": "/", "secure": false, "value": "1"}, {"domain": "www.fuliking2.com", "httpOnly": true, "name": "Pvl3_2132_auth", "path": "/", "secure": false, "value": "b955OFaTWK4uPTa6AelEZSpvsyqqrMykSMbRab7WRuhqL98NMfl3fSsqPkiSVL2chcS1GzEPSf51B%2BpuLiW1AK5EIw"}, {"domain": "www.fuliking2.com", "expiry": 1555309203.578124, "httpOnly": false, "name": "Pvl3_2132_ulastactivity", "path": "/", "secure": false, "value": "2f5dIYqyfcpuiTHQa4mrczKOMiRbu7Q%2Bbs%2BMDhj2jqkw3L%2FPzCpe"}, {"domain": "www.fuliking2.com", "expiry": 1555309203.578336, "httpOnly": false, "name": "Pvl3_2132_lastcheckfeed", "path": "/", "secure": false, "value": "10672%7C1523773191"}, {"domain": "www.fuliking2.com", "expiry": 1555309207.584804, "httpOnly": false, "name": "Pvl3_2132_nofavfid", "path": "/", "secure": false, "value": "1"}, {"domain": "www.fuliking2.com", "expiry": 1523773507.584828, "httpOnly": false, "name": "Pvl3_2132_onlineusernum", "path": "/", "secure": false, "value": "374"}, {"domain": "www.fuliking2.com", "expiry": 1523773808, "httpOnly": false, "name": "Pvl3_2132_noticeTitle", "path": "/", "secure": false, "value": "1"}, {"domain": "www.fuliking2.com", "expiry": 1557728399, "httpOnly": false, "name": "_pk_id.3.eaba", "path": "/", "secure": false, "value": "05f6dc2dbe1ad302.1523773199.1.1523773209.1523773199."}, {"domain": "www.fuliking2.com", "expiry": 1523859609.350967, "httpOnly": false, "name": "Pvl3_2132_sid", "path": "/", "secure": false, "value": "D5aAGK"}, {"domain": "www.fuliking2.com", "httpOnly": false, "name": "Pvl3_2132_lip", "path": "/", "secure": false, "value": "61.140.234.87%2C1523773197"}, {"domain": "www.fuliking2.com", "expiry": 1523859609.351092, "httpOnly": false, "name": "Pvl3_2132_lastact", "path": "/", "secure": false, "value": "1523773198%09misc.php%09patch"}]