[{"domain": ".www.dxg6.cc", "expiry": 1555306904, "httpOnly": false, "name": "Hm_lvt_8b0de6e47fc88f711248780a73250037", "path": "/", "secure": false, "value": "1523770896"}, {"domain": "www.dxg6.cc", "expiry": 1523771194.869823, "httpOnly": false, "name": "0kJG_2132_sendmail", "path": "/", "secure": false, "value": "1"}, {"domain": "www.dxg6.cc", "expiry": 1526362892.987653, "httpOnly": false, "name": "0kJG_2132_lastvisit", "path": "/", "secure": false, "value": "1523767229"}, {"domain": "www.dxg6.cc", "expiry": 1526362892.987616, "httpOnly": true, "name": "0kJG_2132_saltkey", "path": "/", "secure": false, "value": "geXGeEh0"}, {"domain": "www.dxg6.cc", "expiry": 1555306900.698059, "httpOnly": false, "name": "0kJG_2132_lastcheckfeed", "path": "/", "secure": false, "value": "53604%7C1523770836"}, {"domain": "www.dxg6.cc", "httpOnly": true, "name": "0kJG_2132_auth", "path": "/", "secure": false, "value": "51e4WXYCIVDSy2a24F0gor8LXqCgfz0x2zOc6%2Bl6gH%2BM8IWeyLTHNBFN0J8GfSgIzlgRXt%2FhUsggBiRMb8ATU8TF9w"}, {"domain": "www.dxg6.cc", "expiry": 1523857304.094695, "httpOnly": false, "name": "0kJG_2132_sid", "path": "/", "secure": false, "value": "H8595G"}, {"domain": "www.dxg6.cc", "expiry": 1555306900.697916, "httpOnly": false, "name": "0kJG_2132_ulastactivity", "path": "/", "secure": false, "value": "10f1JOHz43AMH%2FN5%2Bi9BPsTXBIOlP1P3vsoFNrmraLzl%2BqTwYzi4"}, {"domain": "www.dxg6.cc", "expiry": 1523770930.698128, "httpOnly": false, "name": "0kJG_2132_checkfollow", "path": "/", "secure": false, "value": "1"}, {"domain": "www.dxg6.cc", "httpOnly": false, "name": "0kJG_2132_lip", "path": "/", "secure": false, "value": "171.37.64.106%2C1523379428"}, {"domain": ".www.dxg6.cc", "httpOnly": false, "name": "Hm_lpvt_8b0de6e47fc88f711248780a73250037", "path": "/", "secure": false, "value": "1523770905"}, {"domain": "www.dxg6.cc", "expiry": 1523770934.93792, "httpOnly": false, "name": "0kJG_2132_checkpm", "path": "/", "secure": false, "value": "1"}, {"domain": "www.dxg6.cc", "expiry": 1523771504, "httpOnly": false, "name": "0kJG_2132_noticeTitle", "path": "/", "secure": false, "value": "1"}, {"domain": "www.dxg6.cc", "expiry": 1523857306.856854, "httpOnly": false, "name": "0kJG_2132_lastact", "path": "/", "secure": false, "value": "1523770842%09misc.php%09patch"}]