[{"domain": "www.beautyleg1.com", "httpOnly": true, "name": "ubnK_2132_auth", "path": "/", "secure": false, "value": "b3b3b3vGarTge3Cl0Mom%2BCAMIuhRAsRw19qV3SmTp6XcV%2FmokDxO2r4ZIeRf%2FcGoEv69HeUdAyzKVr7F4PH%2BTy0"}, {"domain": "www.beautyleg1.com", "expiry": 1523859573.927711, "httpOnly": false, "name": "ubnK_2132_sid", "path": "/", "secure": false, "value": "KXpD9p"}, {"domain": "www.beautyleg1.com", "expiry": 1839133166, "httpOnly": false, "name": "_uab_collina", "path": "/", "secure": false, "value": "152377316688490577738358"}, {"domain": ".beautyleg1.com", "expiry": 1555309165.624424, "httpOnly": true, "name": "__cfduid", "path": "/", "secure": false, "value": "dac9e07e2db081b480ad328b97bedf44d1523773163"}, {"domain": "www.beautyleg1.com", "expiry": 1526365165.624467, "httpOnly": true, "name": "ubnK_2132_saltkey", "path": "/", "secure": false, "value": "f0LBZxDd"}, {"domain": "www.beautyleg1.com", "expiry": 1523773465.800098, "httpOnly": false, "name": "ubnK_2132_sendmail", "path": "/", "secure": false, "value": "1"}, {"domain": "www.beautyleg1.com", "expiry": 1526365165.624491, "httpOnly": false, "name": "ubnK_2132_lastvisit", "path": "/", "secure": false, "value": "1523769563"}, {"domain": "www.beautyleg1.com", "expiry": 1555309173.927665, "httpOnly": false, "name": "ubnK_2132_nofavfid", "path": "/", "secure": false, "value": "1"}, {"domain": "www.beautyleg1.com", "httpOnly": false, "name": "__51cke__", "path": "/", "secure": false, "value": ""}, {"domain": "www.beautyleg1.com", "expiry": 1523859565.624568, "httpOnly": false, "name": "ubnK_2132_pc_size_c", "path": "/", "secure": false, "value": "0"}, {"domain": "www.beautyleg1.com", "expiry": 1555309168.556096, "httpOnly": false, "name": "ubnK_2132_ulastactivity", "path": "/", "secure": false, "value": "065a%2FLD0OUdtX4wTPpHyXVSC%2FeXT1q7e56A%2FWme381yKRsVl70hI"}, {"domain": "www.beautyleg1.com", "expiry": 1523773473.927688, "httpOnly": false, "name": "ubnK_2132_onlineusernum", "path": "/", "secure": false, "value": "142"}, {"domain": "www.beautyleg1.com", "expiry": 1555309168.55635, "httpOnly": false, "name": "ubnK_2132_lastcheckfeed", "path": "/", "secure": false, "value": "475%7C1523773166"}, {"domain": "www.beautyleg1.com", "expiry": 1523773198.556374, "httpOnly": false, "name": "ubnK_2132_checkfollow", "path": "/", "secure": false, "value": "1"}, {"domain": "www.beautyleg1.com", "httpOnly": false, "name": "ubnK_2132_lip", "path": "/", "secure": false, "value": "116.22.58.232%2C1523699145"}, {"domain": "www.beautyleg1.com", "expiry": 1523816368.556415, "httpOnly": false, "name": "ubnK_2132_security_cookiereport", "path": "/", "secure": false, "value": "8258QYqLxCNxn%2B4oeccZK2h%2F1ycCvz%2FdPXSEamEqzsZbRPcDJ1FH"}, {"domain": "www.beautyleg1.com", "expiry": 1523859573.927574, "httpOnly": false, "name": "ubnK_2132_lastact", "path": "/", "secure": false, "value": "1523773171%09index.php%09"}, {"domain": "www.beautyleg1.com", "expiry": 1555309173.92762, "httpOnly": false, "name": "ubnK_2132_connect_is_bind", "path": "/", "secure": false, "value": "0"}, {"domain": "www.beautyleg1.com", "httpOnly": false, "name": "ubnK_2132_member_login_status", "path": "/", "secure": false, "value": "1"}, {"domain": "www.beautyleg1.com", "httpOnly": false, "name": "__tins__18866087", "path": "/", "secure": false, "value": "%7B%22sid%22%3A%201523773166940%2C%20%22vd%22%3A%202%2C%20%22expires%22%3A%201523774974316%7D"}, {"domain": "www.beautyleg1.com", "httpOnly": false, "name": "__51laig__", "path": "/", "secure": false, "value": "2"}, {"domain": "www.beautyleg1.com", "expiry": 1523773774, "httpOnly": false, "name": "ubnK_2132_noticeTitle", "path": "/", "secure": false, "value": "1"}]