[{"domain": "www.fuli11.me", "expiry": 1526359989.052527, "httpOnly": true, "name": "jIFy_2132_saltkey", "path": "/", "secure": false, "value": "pnJp320j"}, {"domain": "www.fuli11.me", "httpOnly": false, "name": "jIFy_2132_creditnotice", "path": "/", "secure": false, "value": "0D0D2D0D0D0D0D0D0D7550"}, {"domain": "www.fuli11.me", "expiry": 1523768291.426263, "httpOnly": false, "name": "jIFy_2132_sendmail", "path": "/", "secure": false, "value": "1"}, {"domain": "www.fuli11.me", "expiry": 1526359989.052545, "httpOnly": false, "name": "jIFy_2132_lastvisit", "path": "/", "secure": false, "value": "1523764254"}, {"domain": ".www.fuli11.me", "expiry": 1555304043, "httpOnly": false, "name": "Hm_lvt_4a1828f67f39b0b7130f274da121522f", "path": "/", "secure": false, "value": "1523768001"}, {"domain": "www.fuli11.me", "expiry": 1523768608, "httpOnly": false, "name": "jIFy_2132_noticeTitle", "path": "/", "secure": false, "value": "1"}, {"domain": "www.fuli11.me", "expiry": 1555304003.466341, "httpOnly": false, "name": "jIFy_2132_ulastactivity", "path": "/", "secure": false, "value": "1523767868%7C0"}, {"domain": "www.fuli11.me", "httpOnly": true, "name": "jIFy_2132_auth", "path": "/", "secure": false, "value": "f2efFD7GpsJXyNQ8URL9tBkyaHkIeSIMCQvZU4t9x5qYNEeEBjan82yc55%2Fuc7iiN3uI0ODInT3%2FqVCyn%2Bj1hA%2BT"}, {"domain": "www.fuli11.me", "httpOnly": false, "name": "jIFy_2132_creditbase", "path": "/", "secure": false, "value": "0D100D122D0D0D0D0D0D0"}, {"domain": "www.fuli11.me", "httpOnly": false, "name": "jIFy_2132_creditrule", "path": "/", "secure": false, "value": "%E6%AF%8F%E5%A4%A9%E7%99%BB%E5%BD%95"}, {"domain": "www.fuli11.me", "expiry": 1555304003.466614, "httpOnly": false, "name": "jIFy_2132_lastcheckfeed", "path": "/", "secure": false, "value": "7550%7C1523767868"}, {"domain": "www.fuli11.me", "httpOnly": false, "name": "jIFy_2132_lip", "path": "/", "secure": false, "value": "116.21.181.193%2C1523767868"}, {"domain": "www.fuli11.me", "expiry": 1524056017.273191, "httpOnly": true, "name": "yunsuo_session_verify", "path": "/", "secure": false, "value": "b261729318675c8b646d3fcff1f1581b"}, {"domain": "www.fuli11.me", "expiry": 1523854417.273165, "httpOnly": false, "name": "jIFy_2132_lastact", "path": "/", "secure": false, "value": "1523767882%09misc.php%09patch"}, {"domain": ".www.fuli11.me", "httpOnly": false, "name": "Hm_lpvt_4a1828f67f39b0b7130f274da121522f", "path": "/", "secure": false, "value": "1523768044"}]