[{"domain": ".loushang222.com", "expiry": 1523859637.99211, "httpOnly": false, "name": "Jr71_6bac_lastact", "path": "/", "secure": false, "value": "1523773235%09member.php%09logging"}, {"domain": ".loushang222.com", "httpOnly": false, "name": "Jr71_6bac_seccode", "path": "/", "secure": false, "value": "126.b81f8e0fe97825bc46"}, {"domain": ".loushang222.com", "expiry": 1539498028, "httpOnly": false, "name": "UM_distinctid", "path": "/", "secure": false, "value": "162c7f644bf5ba-044bd1f900191e-5f4f2816-1fa400-162c7f644c0280"}, {"domain": "www.loushang222.com", "expiry": 1539498031, "httpOnly": false, "name": "CNZZDATA1258695240", "path": "/", "secure": false, "value": "421797660-1523770292-%7C1523770292"}, {"domain": ".loushang222.com", "expiry": 1526365230.86954, "httpOnly": true, "name": "Jr71_6bac_saltkey", "path": "/", "secure": false, "value": "w7fXShhL"}, {"domain": ".loushang222.com", "expiry": 1526365230.869581, "httpOnly": false, "name": "Jr71_6bac_lastvisit", "path": "/", "secure": false, "value": "1523769628"}, {"domain": ".loushang222.com", "expiry": 1523773532.119062, "httpOnly": false, "name": "Jr71_6bac_sendmail", "path": "/", "secure": false, "value": "1"}, {"domain": "www.loushang222.com", "expiry": 1524061231.509131, "httpOnly": true, "name": "yunsuo_session_verify", "path": "/", "secure": false, "value": "1ff41d5277556f0ae3e8aaf37e90fed8"}, {"domain": ".loushang222.com", "expiry": 1523859637.992204, "httpOnly": false, "name": "Jr71_6bac_sid", "path": "/", "secure": false, "value": "O8gPCq"}, {"domain": ".loushang222.com", "expiry": 1555309237.992162, "httpOnly": false, "name": "Jr71_6bac_ulastactivity", "path": "/", "secure": false, "value": "1fe2RaIytnA%2BpOTv%2B5HBn683u8sx31EbaZoiev4e9TTckfLIjTv0"}, {"domain": ".loushang222.com", "httpOnly": true, "name": "Jr71_6bac_auth", "path": "/", "secure": false, "value": "b357IZ6%2B7b2eGkj01N65JC82j4Yycr52J9dfveWvTIh44SD713u%2B3sw3P8zhWlZ66nFeLzx7QvLCR5nmaksmKjdy"}, {"domain": ".loushang222.com", "expiry": 1555309237.992396, "httpOnly": false, "name": "Jr71_6bac_lastcheckfeed", "path": "/", "secure": false, "value": "7910%7C1523773235"}, {"domain": ".loushang222.com", "expiry": 1523773267.992451, "httpOnly": false, "name": "Jr71_6bac_checkfollow", "path": "/", "secure": false, "value": "1"}, {"domain": ".loushang222.com", "httpOnly": false, "name": "Jr71_6bac_lip", "path": "/", "secure": false, "value": "116.21.180.193%2C1523773228"}]