[{"domain": "www.yungeyaji.net", "expiry": 1523774320.184561, "httpOnly": false, "name": "sjiM_2132_checkpm", "path": "/", "secure": false, "value": "1"}, {"domain": "www.yungeyaji.net", "expiry": 1526366277.833621, "httpOnly": true, "name": "sjiM_2132_saltkey", "path": "/", "secure": false, "value": "o39e3hh7"}, {"domain": "www.yungeyaji.net", "expiry": 1526366277.833674, "httpOnly": false, "name": "sjiM_2132_lastvisit", "path": "/", "secure": false, "value": "1523770675"}, {"domain": "www.yungeyaji.net", "expiry": 1523774578.850928, "httpOnly": false, "name": "sjiM_2132_sendmail", "path": "/", "secure": false, "value": "1"}, {"domain": ".yungeyaji.net", "expiry": 1539499079, "httpOnly": false, "name": "UM_distinctid", "path": "/", "secure": false, "value": "162c8064e43664-0636019460d987-5f4f2816-1fa400-162c8064e443b1"}, {"domain": "www.yungeyaji.net", "expiry": 1539499090, "httpOnly": false, "name": "CNZZDATA5618647", "path": "/", "secure": false, "value": "cnzz_eid%3D1344371700-1523770310-%26ntime%3D1523770310"}, {"domain": "www.yungeyaji.net", "expiry": 1555310286.323814, "httpOnly": false, "name": "sjiM_2132_lastcheckfeed", "path": "/", "secure": false, "value": "2541%7C1523774283"}, {"domain": "www.yungeyaji.net", "httpOnly": false, "name": "sjiM_2132_seccode", "path": "/", "secure": false, "value": "246.66a8fec6fe765df51d"}, {"domain": "www.yungeyaji.net", "httpOnly": true, "name": "sjiM_2132_auth", "path": "/", "secure": false, "value": "110b80nTR58KNjA9cbpChlpNZjq1Q70qTP1YIPQuVjyWttBj2mosCdzCGToMs31BVCuhx%2FmdAeI83iDnDJR4KoKy"}, {"domain": "www.yungeyaji.net", "expiry": 1555310286.323645, "httpOnly": false, "name": "sjiM_2132_ulastactivity", "path": "/", "secure": false, "value": "c318NDu9jkIyDQKgYWu02lB74un7j72BqIs%2FTw9iaR9Hz%2FqARR%2BW"}, {"domain": "www.yungeyaji.net", "expiry": 1523774316.323836, "httpOnly": false, "name": "sjiM_2132_checkfollow", "path": "/", "secure": false, "value": "1"}, {"domain": "www.yungeyaji.net", "httpOnly": false, "name": "sjiM_2132_member_login_status", "path": "/", "secure": false, "value": "1"}, {"domain": "www.yungeyaji.net", "expiry": 1555310289.772705, "httpOnly": false, "name": "sjiM_2132_nofavfid", "path": "/", "secure": false, "value": "1"}, {"domain": "www.yungeyaji.net", "expiry": 1523774890, "httpOnly": false, "name": "sjiM_2132_noticeTitle", "path": "/", "secure": false, "value": "1"}, {"domain": "www.yungeyaji.net", "expiry": 1523860690.924565, "httpOnly": false, "name": "sjiM_2132_sid", "path": "/", "secure": false, "value": "U7d5JG"}, {"domain": "www.yungeyaji.net", "httpOnly": false, "name": "sjiM_2132_lip", "path": "/", "secure": false, "value": "113.67.73.163%2C1523774287"}, {"domain": "www.yungeyaji.net", "expiry": 1523860690.924632, "httpOnly": false, "name": "sjiM_2132_lastact", "path": "/", "secure": false, "value": "1523774288%09misc.php%09patch"}]