[{"domain": "www.souxiaomei.com", "expiry": 1526363227.246672, "httpOnly": true, "name": "lxEw_2132_saltkey", "path": "/", "secure": false, "value": "n7GDhaBj"}, {"domain": "www.souxiaomei.com", "expiry": 1523771528.604818, "httpOnly": false, "name": "lxEw_2132_sendmail", "path": "/", "secure": false, "value": "1"}, {"domain": ".souxiaomei.com", "expiry": 1539496028, "httpOnly": false, "name": "UM_distinctid", "path": "/", "secure": false, "value": "162c7d7c29b126-01cb64c9a5bf71-5f4f2816-1fa400-162c7d7c29c148"}, {"domain": "www.souxiaomei.com", "expiry": 1526363227.246711, "httpOnly": false, "name": "lxEw_2132_lastvisit", "path": "/", "secure": false, "value": "1523767624"}, {"domain": "www.souxiaomei.com", "expiry": 1539496038, "httpOnly": false, "name": "CNZZDATA5630377", "path": "/", "secure": false, "value": "cnzz_eid%3D333544619-1523767500-%26ntime%3D1523767500"}, {"domain": "www.souxiaomei.com", "expiry": 1555307233.918088, "httpOnly": false, "name": "lxEw_2132_ulastactivity", "path": "/", "secure": false, "value": "c433Vnp4N8Svd18HSLrca9jmp0F6%2B1haEAXdbN9mBLs5MM%2B4Im4Q"}, {"domain": "www.souxiaomei.com", "expiry": 1555307233.918415, "httpOnly": false, "name": "lxEw_2132_lastcheckfeed", "path": "/", "secure": false, "value": "23%7C1523771230"}, {"domain": "www.souxiaomei.com", "expiry": 1523857638.062724, "httpOnly": false, "name": "lxEw_2132_sid", "path": "/", "secure": false, "value": "BGeXoR"}, {"domain": "www.souxiaomei.com", "expiry": 1526363233.918209, "httpOnly": true, "name": "lxEw_2132_auth", "path": "/", "secure": false, "value": "1316IKZkhbRiu1d1GP42xTQGn0rfAuCEoO3X8AjHlbk1knQ29UDaCzxitsp1End7cRFRYLhCVEdXDGghEogWUg"}, {"domain": "www.souxiaomei.com", "expiry": 1523771263.918467, "httpOnly": false, "name": "lxEw_2132_checkfollow", "path": "/", "secure": false, "value": "1"}, {"domain": "www.souxiaomei.com", "expiry": 1555307238.062814, "httpOnly": false, "name": "lxEw_2132_connect_is_bind", "path": "/", "secure": false, "value": "0"}, {"domain": "www.souxiaomei.com", "expiry": 1555307237.610763, "httpOnly": false, "name": "lxEw_2132_nofavfid", "path": "/", "secure": false, "value": "1"}, {"domain": "www.souxiaomei.com", "expiry": 1523771268.225099, "httpOnly": false, "name": "lxEw_2132_checkpm", "path": "/", "secure": false, "value": "1"}, {"domain": "www.souxiaomei.com", "expiry": 1523857638.062776, "httpOnly": false, "name": "lxEw_2132_lastact", "path": "/", "secure": false, "value": "1523771235%09connect.php%09check"}]