[{"domain": "www.wysfqm2017.com", "expiry": 1526361517.575149, "httpOnly": false, "name": "RDBw_2132_lastvisit", "path": "/", "secure": false, "value": "1523765707"}, {"domain": "www.wysfqm2017.com", "expiry": 1526361517.575111, "httpOnly": true, "name": "RDBw_2132_saltkey", "path": "/", "secure": false, "value": "U3y3YqKR"}, {"domain": "www.wysfqm2017.com", "expiry": 1523769819.521023, "httpOnly": false, "name": "RDBw_2132_sendmail", "path": "/", "secure": false, "value": "1"}, {"domain": ".www.wysfqm2017.com", "httpOnly": false, "name": "Hm_lpvt_eaa9555aa4e4e6f40d2acd18b0038ee7", "path": "/", "secure": false, "value": "1523769520"}, {"domain": "www.wysfqm2017.com", "httpOnly": false, "name": "__tins__17681853", "path": "/", "secure": false, "value": "%7B%22sid%22%3A%201523769519559%2C%20%22vd%22%3A%201%2C%20%22expires%22%3A%201523771319559%7D"}, {"domain": ".wysfqm2017.com", "expiry": 1539494319, "httpOnly": false, "name": "UM_distinctid", "path": "/", "secure": false, "value": "162c7bdadab70a-0bf3015feccf1b-5f4f2816-1fa400-162c7bdadac816"}, {"domain": "www.wysfqm2017.com", "httpOnly": false, "name": "RDBw_2132_lip", "path": "/", "secure": false, "value": "119.4.252.189%2C1523768829"}, {"domain": "www.wysfqm2017.com", "expiry": 1539494319, "httpOnly": false, "name": "CNZZDATA1257007917", "path": "/", "secure": false, "value": "1983615773-1523768852-%7C1523768852"}, {"domain": "www.wysfqm2017.com", "httpOnly": false, "name": "__51cke__", "path": "/", "secure": false, "value": ""}, {"domain": ".www.wysfqm2017.com", "expiry": 1555305519, "httpOnly": false, "name": "Hm_lvt_eaa9555aa4e4e6f40d2acd18b0038ee7", "path": "/", "secure": false, "value": "1523769520"}, {"domain": "www.wysfqm2017.com", "expiry": 1555305633.229747, "httpOnly": false, "name": "RDBw_2132_ulastactivity", "path": "/", "secure": false, "value": "fa0eaK0ViPGgaLMWyFfjfQ74lCZKeG8N7BL%2BH8CdxzbK20RzoJSe"}, {"domain": "www.wysfqm2017.com", "httpOnly": false, "name": "__51laig__", "path": "/", "secure": false, "value": "1"}, {"domain": "www.wysfqm2017.com", "expiry": 1523856033.229843, "httpOnly": false, "name": "RDBw_2132_sid", "path": "/", "secure": false, "value": "kX3tli"}, {"domain": "www.wysfqm2017.com", "expiry": 1523856033.229639, "httpOnly": false, "name": "RDBw_2132_lastact", "path": "/", "secure": false, "value": "1523769422%09member.php%09logging"}, {"domain": "www.wysfqm2017.com", "httpOnly": true, "name": "RDBw_2132_auth", "path": "/", "secure": false, "value": "dcfds%2BPpeYpIR21zsfz5sqZjTnrrI44J6x6kGJRWRhwMoZdbQNowsLZA4KG%2BZvXofFgMqxdmYaForKxwsUWx23Yd"}, {"domain": "www.wysfqm2017.com", "expiry": 1555305633.230265, "httpOnly": false, "name": "RDBw_2132_lastcheckfeed", "path": "/", "secure": false, "value": "8463%7C1523769422"}, {"domain": "www.wysfqm2017.com", "expiry": 1523769663.230355, "httpOnly": false, "name": "RDBw_2132_checkfollow", "path": "/", "secure": false, "value": "1"}]