[{"domain": "www.abcd9.me", "expiry": 1526363043.065243, "httpOnly": true, "name": "mkSu_2132_saltkey", "path": "/", "secure": false, "value": "n8CE666u"}, {"domain": "www.abcd9.me", "expiry": 1523771344.04867, "httpOnly": false, "name": "mkSu_2132_sendmail", "path": "/", "secure": false, "value": "1"}, {"domain": "www.abcd9.me", "expiry": 1526363043.065279, "httpOnly": false, "name": "mkSu_2132_lastvisit", "path": "/", "secure": false, "value": "1523767080"}, {"domain": "www.abcd9.me", "httpOnly": true, "name": "mkSu_2132_auth", "path": "/", "secure": false, "value": "8848icHJ1sXW7gScNIvjncgFK1%2B8OtmZs1o6bEOHjAcSqvkaznFFQxjIF60em0AWNPMbkHNIy3bgVnLVG0VUwVSd"}, {"domain": ".www.abcd9.me", "expiry": 1555307046, "httpOnly": false, "name": "Hm_lvt_120f2599df7b2f55c4dd213c6a168c76", "path": "/", "secure": false, "value": "1523771046"}, {"domain": "www.abcd9.me", "expiry": 1523857497.488419, "httpOnly": false, "name": "mkSu_2132_sid", "path": "/", "secure": false, "value": "CPpzpp"}, {"domain": ".www.abcd9.me", "httpOnly": false, "name": "Hm_lpvt_120f2599df7b2f55c4dd213c6a168c76", "path": "/", "secure": false, "value": "1523771046"}, {"domain": "www.abcd9.me", "expiry": 1523857497.48829, "httpOnly": false, "name": "mkSu_2132_lastact", "path": "/", "secure": false, "value": "1523770735%09member.php%09logging"}, {"domain": "www.abcd9.me", "expiry": 1555307097.488359, "httpOnly": false, "name": "mkSu_2132_ulastactivity", "path": "/", "secure": false, "value": "26a6PgcFSo%2Fii2bfVnIlN7PfAjXy06jIBmI5UzJn33F%2BVC9HYiQ6"}, {"domain": "www.abcd9.me", "expiry": 1555307097.48866, "httpOnly": false, "name": "mkSu_2132_lastcheckfeed", "path": "/", "secure": false, "value": "4649%7C1523770735"}, {"domain": "www.abcd9.me", "expiry": 1523771127.48871, "httpOnly": false, "name": "mkSu_2132_checkfollow", "path": "/", "secure": false, "value": "1"}, {"domain": "www.abcd9.me", "httpOnly": false, "name": "mkSu_2132_lip", "path": "/", "secure": false, "value": "111.120.139.206%2C1523767721"}]