[{"domain": "www.jiepaicom.com", "expiry": 1539499185, "httpOnly": false, "name": "CNZZDATA1258052374", "path": "/", "secure": false, "value": "1399844633-1523772419-%7C1523772419"}, {"domain": "www.jiepaicom.com", "expiry": 1526366374.549407, "httpOnly": false, "name": "vkFX_2132_lastvisit", "path": "/", "secure": false, "value": "1523770830"}, {"domain": "www.jiepaicom.com", "expiry": 1526366374.549347, "httpOnly": true, "name": "vkFX_2132_saltkey", "path": "/", "secure": false, "value": "r0LmOMLn"}, {"domain": "www.jiepaicom.com", "expiry": 1523774409.496974, "httpOnly": false, "name": "vkFX_2132_checkfollow", "path": "/", "secure": false, "value": "1"}, {"domain": "www.jiepaicom.com", "expiry": 1523774676.2869, "httpOnly": false, "name": "vkFX_2132_sendmail", "path": "/", "secure": false, "value": "1"}, {"domain": "www.jiepaicom.com", "expiry": 1523860787.556052, "httpOnly": false, "name": "vkFX_2132_lastact", "path": "/", "secure": false, "value": "1523774443%09forum.php%09image"}, {"domain": ".jiepaicom.com", "expiry": 1539499176, "httpOnly": false, "name": "UM_distinctid", "path": "/", "secure": false, "value": "162c807c977ca8-0bc85d53115cd7-5f4f2816-1fa400-162c807c978b2"}, {"domain": "www.jiepaicom.com", "httpOnly": true, "name": "vkFX_2132_auth", "path": "/", "secure": false, "value": "0404CLp52b3rrx1bnlChGd2%2FKwxhecOATDWUovefjVaxivdKJ%2FsR4FS8PhS9LQLeNC5%2Byi5VOazzTDec1SnCHmGw"}, {"domain": "www.jiepaicom.com", "expiry": 1555310379.496813, "httpOnly": false, "name": "vkFX_2132_ulastactivity", "path": "/", "secure": false, "value": "1523774435%7C0"}, {"domain": "www.jiepaicom.com", "expiry": 1523774683.072929, "httpOnly": false, "name": "vkFX_2132_onlineusernum", "path": "/", "secure": false, "value": "57"}, {"domain": "www.jiepaicom.com", "expiry": 1555310379.496943, "httpOnly": false, "name": "vkFX_2132_lastcheckfeed", "path": "/", "secure": false, "value": "9704%7C1523774435"}, {"domain": "www.jiepaicom.com", "httpOnly": false, "name": "vkFX_2132_lip", "path": "/", "secure": false, "value": "113.67.73.135%2C1523774435"}, {"domain": "www.jiepaicom.com", "expiry": 1555310383.072904, "httpOnly": false, "name": "vkFX_2132_nofavfid", "path": "/", "secure": false, "value": "1"}, {"domain": "www.jiepaicom.com", "expiry": 1523774985, "httpOnly": false, "name": "vkFX_2132_noticeTitle", "path": "/", "secure": false, "value": "1"}]