[{"domain": ".j8tv3.com", "expiry": 1555310242.972143, "httpOnly": true, "name": "__cfduid", "path": "/", "secure": false, "value": "df072155470396a9bdc909a759fe7b6f41523774240"}, {"domain": ".www.j8tv3.com", "httpOnly": false, "name": "Hm_lpvt_b9088d13fda01b9608c918851ac9c433", "path": "/", "secure": false, "value": "1523774245"}, {"domain": "www.j8tv3.com", "expiry": 1523774718.623916, "httpOnly": false, "name": "Yciy_2132_sendmail", "path": "/", "secure": false, "value": "1"}, {"domain": "www.j8tv3.com", "expiry": 1526366416.972218, "httpOnly": false, "name": "Yciy_2132_lastvisit", "path": "/", "secure": false, "value": "1523770814"}, {"domain": "www.j8tv3.com", "expiry": 1526366416.972194, "httpOnly": true, "name": "Yciy_2132_saltkey", "path": "/", "secure": false, "value": "Z4KQ66p6"}, {"domain": "www.j8tv3.com", "expiry": 1523860828.438595, "httpOnly": false, "name": "Yciy_2132_lastact", "path": "/", "secure": false, "value": "1523774425%09member.php%09logging"}, {"domain": "www.j8tv3.com", "httpOnly": true, "name": "Yciy_2132_auth", "path": "/", "secure": false, "value": "2141kVJ9E3tOevrPyGIY9p%2Bzihh3P5zd3mQ0l26lPmNrekCO2CT4B2Ri6koxBUzB4dxC%2BFx%2FK1ddW4H8t0EaRQ"}, {"domain": ".www.j8tv3.com", "expiry": 1555310245, "httpOnly": false, "name": "Hm_lvt_b9088d13fda01b9608c918851ac9c433", "path": "/", "secure": false, "value": "1523774245"}, {"domain": "www.j8tv3.com", "expiry": 1523860828.438712, "httpOnly": false, "name": "Yciy_2132_sid", "path": "/", "secure": false, "value": "ch1hht"}, {"domain": "www.j8tv3.com", "httpOnly": false, "name": "Yciy_2132_seccode", "path": "/", "secure": false, "value": "9928.93c24609c4ef6a07e8"}, {"domain": "www.j8tv3.com", "expiry": 1555310428.438768, "httpOnly": false, "name": "Yciy_2132_ulastactivity", "path": "/", "secure": false, "value": "40962tf2NGXcAa731F32DiLQTwGuDep12FQvStHHM1gsOiOBJMa4"}, {"domain": "www.j8tv3.com", "expiry": 1555310428.438964, "httpOnly": false, "name": "Yciy_2132_lastcheckfeed", "path": "/", "secure": false, "value": "62%7C1523774425"}, {"domain": "www.j8tv3.com", "expiry": 1523774458.439006, "httpOnly": false, "name": "Yciy_2132_checkfollow", "path": "/", "secure": false, "value": "1"}, {"domain": "www.j8tv3.com", "httpOnly": false, "name": "Yciy_2132_lip", "path": "/", "secure": false, "value": "116.21.181.193%2C1523702330"}]