[{"domain": ".3ajiepai.com", "expiry": 1523772262.30849, "httpOnly": false, "name": "3nvN_7b26_sendmail", "path": "/", "secure": false, "value": "1"}, {"domain": ".3ajiepai.com", "expiry": 1523771997.927623, "httpOnly": false, "name": "3nvN_7b26_checkpm", "path": "/", "secure": false, "value": "1"}, {"domain": ".3ajiepai.com", "expiry": 1526363961.499952, "httpOnly": false, "name": "3nvN_7b26_lastvisit", "path": "/", "secure": false, "value": "1523768359"}, {"domain": ".3ajiepai.com", "expiry": 1526363961.499902, "httpOnly": true, "name": "3nvN_7b26_saltkey", "path": "/", "secure": false, "value": "Vz1e6evb"}, {"domain": ".3ajiepai.com", "expiry": 1523771994.674932, "httpOnly": false, "name": "3nvN_7b26_checkfollow", "path": "/", "secure": false, "value": "1"}, {"domain": ".3ajiepai.com", "expiry": 1555307968, "httpOnly": false, "name": "Hm_lvt_683648b32f1e966c3b27e626500294c8", "path": "/", "secure": false, "value": "1523771963"}, {"domain": ".3ajiepai.com", "expiry": 1523858361.500041, "httpOnly": false, "name": "3nvN_7b26_pc_size_c", "path": "/", "secure": false, "value": "0"}, {"domain": ".3ajiepai.com", "expiry": 1555307964.674735, "httpOnly": false, "name": "3nvN_7b26_ulastactivity", "path": "/", "secure": false, "value": "a2a0WfPP03UbbWUie6CU3gy2b5o1TmSZXuWqhXNTA5cYCcrQrdzu"}, {"domain": ".3ajiepai.com", "expiry": 1555307964.674903, "httpOnly": false, "name": "3nvN_7b26_lastcheckfeed", "path": "/", "secure": false, "value": "74456%7C1523771962"}, {"domain": ".3ajiepai.com", "httpOnly": true, "name": "3nvN_7b26_auth", "path": "/", "secure": false, "value": "1780PNptWj4qo14222X8sLfT2xvQni4Cmrp2k96isa32xDWrPKxQy7Q153swEEtHpHH7X1EBkDalZouLOZ%2BY634e9A"}, {"domain": ".3ajiepai.com", "expiry": 1555307970.990731, "httpOnly": false, "name": "3nvN_7b26_connect_is_bind", "path": "/", "secure": false, "value": "1"}, {"domain": ".3ajiepai.com", "expiry": 1523772568, "httpOnly": false, "name": "3nvN_7b26_noticeTitle", "path": "/", "secure": false, "value": "1"}, {"domain": ".3ajiepai.com", "httpOnly": false, "name": "Hm_lpvt_683648b32f1e966c3b27e626500294c8", "path": "/", "secure": false, "value": "1523771968"}, {"domain": ".3ajiepai.com", "expiry": 1523858370.990633, "httpOnly": false, "name": "3nvN_7b26_sid", "path": "/", "secure": false, "value": "CWC6J5"}, {"domain": ".3ajiepai.com", "httpOnly": false, "name": "3nvN_7b26_lip", "path": "/", "secure": false, "value": "61.140.234.87%2C1523771965"}, {"domain": ".3ajiepai.com", "expiry": 1523858370.990699, "httpOnly": false, "name": "3nvN_7b26_lastact", "path": "/", "secure": false, "value": "1523771968%09misc.php%09patch"}, {"domain": ".3ajiepai.com", "expiry": 1555307972.410376, "httpOnly": true, "name": "__cfduid", "path": "/", "secure": false, "value": "d973b770dc17f4f8af9db4e988107e16f1523771965"}]