[{"domain": "www.weipai.vc", "expiry": 1555308815.70906, "httpOnly": false, "name": "UIBF_2132_ulastactivity", "path": "/", "secure": false, "value": "ec68MxTwii%2F6b7oNfwlDuXqcMeQVd2p6fX5gA6RPyfXdaZJDXK0P"}, {"domain": "www.weipai.vc", "expiry": 1539497612, "httpOnly": false, "name": "CNZZDATA1254316317", "path": "/", "secure": false, "value": "576345974-1523768830-%7C1523768830"}, {"domain": ".weipai.vc", "expiry": 1555308809.545078, "httpOnly": true, "name": "__cfduid", "path": "/", "secure": false, "value": "d04da3be3b054dd1ba2c30310ab4ca36c1523772807"}, {"domain": "www.weipai.vc", "expiry": 1526364810.545164, "httpOnly": false, "name": "UIBF_2132_lastvisit", "path": "/", "secure": false, "value": "1523769208"}, {"domain": "www.weipai.vc", "expiry": 1523773112.032507, "httpOnly": false, "name": "UIBF_2132_sendmail", "path": "/", "secure": false, "value": "1"}, {"domain": "www.weipai.vc", "expiry": 1526364810.545137, "httpOnly": true, "name": "UIBF_2132_saltkey", "path": "/", "secure": false, "value": "JOZT0842"}, {"domain": ".weipai.vc", "expiry": 1539497612, "httpOnly": false, "name": "UM_distinctid", "path": "/", "secure": false, "value": "162c7efeb1578c-031996dfa9a38-5f4f2816-1fa400-162c7efeb16499"}, {"domain": "www.weipai.vc", "expiry": 1523859215.708981, "httpOnly": false, "name": "UIBF_2132_lastact", "path": "/", "secure": false, "value": "1523772813%09member.php%09logging"}, {"domain": "www.weipai.vc", "httpOnly": true, "name": "UIBF_2132_auth", "path": "/", "secure": false, "value": "7afatt%2Bn4vTugHwaZ44CbxsrlxSb%2B9ZcDw6mH5xdbxG5rmL%2BX2mPKORnyL56oIG%2FsHKelQYYj2eB7pYuFEUrRa4"}, {"domain": "www.weipai.vc", "expiry": 1523859215.709037, "httpOnly": false, "name": "UIBF_2132_sid", "path": "/", "secure": false, "value": "GW4u8m"}, {"domain": "www.weipai.vc", "httpOnly": false, "name": "UIBF_2132_creditnotice", "path": "/", "secure": false, "value": "0D0D1D5D0D0D0D0D0D385"}, {"domain": "www.weipai.vc", "httpOnly": false, "name": "UIBF_2132_creditbase", "path": "/", "secure": false, "value": "0D0D442D1325D0D0D0D0D0"}, {"domain": "www.weipai.vc", "httpOnly": false, "name": "UIBF_2132_creditrule", "path": "/", "secure": false, "value": "%E6%AF%8F%E5%A4%A9%E7%99%BB%E5%BD%95"}, {"domain": "www.weipai.vc", "expiry": 1555308815.709216, "httpOnly": false, "name": "UIBF_2132_lastcheckfeed", "path": "/", "secure": false, "value": "385%7C1523772813"}, {"domain": "www.weipai.vc", "expiry": 1523772845.70924, "httpOnly": false, "name": "UIBF_2132_checkfollow", "path": "/", "secure": false, "value": "1"}, {"domain": "www.weipai.vc", "httpOnly": false, "name": "UIBF_2132_lip", "path": "/", "secure": false, "value": "113.65.160.101%2C1523696637"}, {"domain": "www.weipai.vc", "expiry": 1523816015.709282, "httpOnly": false, "name": "UIBF_2132_security_cookiereport", "path": "/", "secure": false, "value": "0e45a7Nzu4jxoFgFbOaS%2FxFpqQxua8WN8AEiZunKmHYEKrZVtECa"}]