[{"domain": "www.kaixin65.com", "expiry": 1523769036.504598, "httpOnly": false, "name": "S2Az_2132_sendmail", "path": "/", "secure": false, "value": "1"}, {"domain": "www.kaixin65.com", "expiry": 1526360734.589271, "httpOnly": false, "name": "S2Az_2132_lastvisit", "path": "/", "secure": false, "value": "1523765143"}, {"domain": "www.kaixin65.com", "expiry": 1526360734.589239, "httpOnly": true, "name": "S2Az_2132_saltkey", "path": "/", "secure": false, "value": "KXFkOxP7"}, {"domain": "www.kaixin65.com", "expiry": 1555304798.414779, "httpOnly": false, "name": "S2Az_2132_ulastactivity", "path": "/", "secure": false, "value": "473dpJA%2FNrSftXfY5HNG%2Bk2PC3WzIoTvr4pAjM68CNfcInI%2BnOdN"}, {"domain": "www.kaixin65.com", "expiry": 1524056798.415531, "httpOnly": true, "name": "yunsuo_session_verify", "path": "/", "secure": false, "value": "0519ad13e73d0c1f21459d9ead5e7827"}, {"domain": ".kaixin65.com", "expiry": 1555304754, "httpOnly": false, "name": "Hm_lvt_63b8f8f4895a04769ec9d88bfd02f566", "path": "/", "secure": false, "value": "1523768754"}, {"domain": ".kaixin65.com", "httpOnly": false, "name": "Hm_lpvt_63b8f8f4895a04769ec9d88bfd02f566", "path": "/", "secure": false, "value": "1523768754"}, {"domain": "www.kaixin65.com", "httpOnly": true, "name": "S2Az_2132_auth", "path": "/", "secure": false, "value": "4296chu%2BES%2FuMRpnHWJw99WaFIF9N0Pl0MvB43pbG2sjGxAJKhuzV6ldSfVflApR1Avst11srAAuwrr6KyreDMo"}, {"domain": "www.kaixin65.com", "expiry": 1523855198.414499, "httpOnly": false, "name": "S2Az_2132_lastact", "path": "/", "secure": false, "value": "1523768807%09member.php%09logging"}, {"domain": "www.kaixin65.com", "expiry": 1523855198.414686, "httpOnly": false, "name": "S2Az_2132_sid", "path": "/", "secure": false, "value": "RXxoQk"}, {"domain": "www.kaixin65.com", "expiry": 1555304798.415182, "httpOnly": false, "name": "S2Az_2132_lastcheckfeed", "path": "/", "secure": false, "value": "461%7C1523768807"}, {"domain": "www.kaixin65.com", "expiry": 1523768828.41527, "httpOnly": false, "name": "S2Az_2132_checkfollow", "path": "/", "secure": false, "value": "1"}, {"domain": "www.kaixin65.com", "httpOnly": false, "name": "S2Az_2132_lip", "path": "/", "secure": false, "value": "116.21.181.199%2C1523709145"}]