[{"domain": "www.ov3.info", "expiry": 1526361754.719312, "httpOnly": false, "name": "ePDD_2132_lastvisit", "path": "/", "secure": false, "value": "1523766152"}, {"domain": "www.ov3.info", "expiry": 1526361754.719252, "httpOnly": true, "name": "ePDD_2132_saltkey", "path": "/", "secure": false, "value": "vIzi8VS7"}, {"domain": "www.ov3.info", "expiry": 1523770056.157399, "httpOnly": false, "name": "ePDD_2132_sendmail", "path": "/", "secure": false, "value": "1"}, {"domain": "www.ov3.info", "httpOnly": false, "name": "__tins__3631071", "path": "/", "secure": false, "value": "%7B%22sid%22%3A%201523769756169%2C%20%22vd%22%3A%201%2C%20%22expires%22%3A%201523771556169%7D"}, {"domain": "www.ov3.info", "httpOnly": false, "name": "__51laig__", "path": "/", "secure": false, "value": "1"}, {"domain": "www.ov3.info", "expiry": 1555305836.4108, "httpOnly": false, "name": "ePDD_2132_ulastactivity", "path": "/", "secure": false, "value": "136dG%2F3P1VKodSXx8DO6qCpVj1Ul3lQSPk0kRL06HrbhJBg5otKC"}, {"domain": "www.ov3.info", "httpOnly": false, "name": "__51cke__", "path": "/", "secure": false, "value": ""}, {"domain": "www.ov3.info", "expiry": 1555305836.411168, "httpOnly": false, "name": "ePDD_2132_lastcheckfeed", "path": "/", "secure": false, "value": "13814%7C1523769833"}, {"domain": "www.ov3.info", "expiry": 1523856236.410711, "httpOnly": false, "name": "ePDD_2132_sid", "path": "/", "secure": false, "value": "nUt755"}, {"domain": "www.ov3.info", "expiry": 1523856236.410497, "httpOnly": false, "name": "ePDD_2132_lastact", "path": "/", "secure": false, "value": "1523769833%09member.php%09logging"}, {"domain": "www.ov3.info", "httpOnly": true, "name": "ePDD_2132_auth", "path": "/", "secure": false, "value": "1632bivH7U85fwn5yIgRTaGnXDeCoH1Uidx44b97EaYUTCutZ5af7sVRbRjFKfLynH%2BKT%2B52ma8fAyofO9rt2qlD1w"}, {"domain": "www.ov3.info", "expiry": 1523769866.411245, "httpOnly": false, "name": "ePDD_2132_checkfollow", "path": "/", "secure": false, "value": "1"}]