[{"domain": "www.xffuqi.com", "expiry": 1526364095.460967, "httpOnly": false, "name": "rYI7_2132_lastvisit", "path": "/", "secure": false, "value": "1523768507"}, {"domain": "www.xffuqi.com", "expiry": 1526364095.460933, "httpOnly": true, "name": "rYI7_2132_saltkey", "path": "/", "secure": false, "value": "OjcgaHcA"}, {"domain": ".xffuqi.com", "expiry": 2147385600, "httpOnly": false, "name": "pgv_pvi", "path": "/", "secure": false, "value": "8426663936"}, {"domain": ".xffuqi.com", "httpOnly": false, "name": "pgv_si", "path": "/", "secure": false, "value": "s529254400"}, {"domain": "www.xffuqi.com", "expiry": 1523772129.548781, "httpOnly": false, "name": "rYI7_2132_checkfollow", "path": "/", "secure": false, "value": "1"}, {"domain": "www.xffuqi.com", "expiry": 1523772397.0728, "httpOnly": false, "name": "rYI7_2132_sendmail", "path": "/", "secure": false, "value": "1"}, {"domain": "www.xffuqi.com", "httpOnly": true, "name": "rYI7_2132_auth", "path": "/", "secure": false, "value": "5495JwYjcp9dMDPLZehB39r77RnKeknpaD9pKiudOrNoWTnX3tup1vPCSIw9FhZYzuHlJwWZIhgGJ9Rgtwm7YjIIcA"}, {"domain": "www.xffuqi.com", "expiry": 1555308099.548614, "httpOnly": false, "name": "rYI7_2132_ulastactivity", "path": "/", "secure": false, "value": "0525u7axYFY2EzaLthEKUDpN0d8aWesnMe5cgqrnhgyoCTSV22E2"}, {"domain": "www.xffuqi.com", "expiry": 1523772402.937124, "httpOnly": false, "name": "rYI7_2132_onlineusernum", "path": "/", "secure": false, "value": "201"}, {"domain": "www.xffuqi.com", "expiry": 1555308099.548756, "httpOnly": false, "name": "rYI7_2132_lastcheckfeed", "path": "/", "secure": false, "value": "13518%7C1523772111"}, {"domain": "www.xffuqi.com", "expiry": 1555308102.937098, "httpOnly": false, "name": "rYI7_2132_nofavfid", "path": "/", "secure": false, "value": "1"}, {"domain": "www.xffuqi.com", "expiry": 1523775702.937173, "httpOnly": false, "name": "rYI7_2132_e3e396e0ab82c4b558a7b3017d937fae", "path": "/", "secure": false, "value": "aa7e636831dcea2adc61de9a781338b9"}, {"domain": "www.xffuqi.com", "expiry": 1523858503.443719, "httpOnly": false, "name": "rYI7_2132_sid", "path": "/", "secure": false, "value": "C2vn08"}, {"domain": "www.xffuqi.com", "httpOnly": false, "name": "rYI7_2132_lip", "path": "/", "secure": false, "value": "61.140.234.87%2C1523772111"}, {"domain": "www.xffuqi.com", "expiry": 1523858503.443784, "httpOnly": false, "name": "rYI7_2132_lastact", "path": "/", "secure": false, "value": "1523772115%09home.php%09spacecp"}, {"domain": "www.xffuqi.com", "expiry": 1523772133.443809, "httpOnly": false, "name": "rYI7_2132_checkpm", "path": "/", "secure": false, "value": "1"}, {"domain": "www.xffuqi.com", "expiry": 1523772703, "httpOnly": false, "name": "rYI7_2132_noticeTitle", "path": "/", "secure": false, "value": "1"}]