[{"domain": "www.ljgzhu.com", "httpOnly": true, "name": "pOu0_2132_creditnotice", "path": "/", "secure": false, "value": "0D0D2D0D0D0D0D0D0D50497"}, {"domain": ".ljgzhu.com", "expiry": 1539495915, "httpOnly": false, "name": "UM_distinctid", "path": "/", "secure": false, "value": "162c7d608fc141-0be990d49bf132-5f4f2816-1fa400-162c7d608fd8a2"}, {"domain": "www.ljgzhu.com", "expiry": 1526363114.12717, "httpOnly": true, "name": "pOu0_2132_saltkey", "path": "/", "secure": false, "value": "lb31gRy5"}, {"domain": "www.ljgzhu.com", "expiry": 1523771415.42924, "httpOnly": true, "name": "pOu0_2132_sendmail", "path": "/", "secure": false, "value": "1"}, {"domain": "www.ljgzhu.com", "expiry": 1526363114.12721, "httpOnly": true, "name": "pOu0_2132_lastvisit", "path": "/", "secure": false, "value": "1523769029"}, {"domain": "www.ljgzhu.com", "expiry": 1555307118.16374, "httpOnly": true, "name": "pOu0_2132_ulastactivity", "path": "/", "secure": false, "value": "a17960a334RpFQVQ2TbVURormL2x%2BsIde2OC9QVVtele0gRjaNAw"}, {"domain": "www.ljgzhu.com", "expiry": 1539495921, "httpOnly": false, "name": "CNZZDATA1271388845", "path": "/", "secure": false, "value": "280830616-1523766138-%7C1523766138"}, {"domain": "www.ljgzhu.com", "httpOnly": true, "name": "pOu0_2132_auth", "path": "/", "secure": false, "value": "5274r2mNS28fNzfFI%2BUWkYFK2DQ8r5EPkH9ySzUu1GHq%2BmlHIdFQfsXsN1iKqcKLg%2Fm62wbrFdlOg7pM9FT%2FdGKZSg"}, {"domain": "www.ljgzhu.com", "expiry": 1523857521.439171, "httpOnly": true, "name": "pOu0_2132_sid", "path": "/", "secure": false, "value": "SIxRkp"}, {"domain": "www.ljgzhu.com", "httpOnly": true, "name": "pOu0_2132_creditbase", "path": "/", "secure": false, "value": "0D0D24D0D0D0D0D0D0"}, {"domain": "www.ljgzhu.com", "expiry": 1555307121.439146, "httpOnly": true, "name": "pOu0_2132_nofavfid", "path": "/", "secure": false, "value": "1"}, {"domain": "www.ljgzhu.com", "httpOnly": true, "name": "pOu0_2132_creditrule", "path": "/", "secure": false, "value": "%E6%AF%8F%E5%A4%A9%E7%99%BB%E5%BD%95"}, {"domain": "www.ljgzhu.com", "expiry": 1555307118.164109, "httpOnly": true, "name": "pOu0_2132_lastcheckfeed", "path": "/", "secure": false, "value": "50497%7C1523772633"}, {"domain": "www.ljgzhu.com", "expiry": 1523771148.16418, "httpOnly": true, "name": "pOu0_2132_checkfollow", "path": "/", "secure": false, "value": "1"}, {"domain": "www.ljgzhu.com", "httpOnly": true, "name": "pOu0_2132_lip", "path": "/", "secure": false, "value": "113.68.179.19%2C1523574722"}, {"domain": "www.ljgzhu.com", "expiry": 1523857521.439106, "httpOnly": true, "name": "pOu0_2132_lastact", "path": "/", "secure": false, "value": "1523772636%09forum.php%09"}, {"domain": "www.ljgzhu.com", "expiry": 1523771721, "httpOnly": false, "name": "pOu0_2132_noticeTitle", "path": "/", "secure": false, "value": "1"}]