[{"domain": "www.21xyl.com", "expiry": 1526361899.071235, "httpOnly": false, "name": "CHAE_2132_lastvisit", "path": "/", "secure": false, "value": "1523766299"}, {"domain": "www.21xyl.com", "expiry": 1526361899.071202, "httpOnly": true, "name": "CHAE_2132_saltkey", "path": "/", "secure": false, "value": "WYh98fW8"}, {"domain": "www.21xyl.com", "expiry": 1523770016.942982, "httpOnly": false, "name": "CHAE_2132_checkfollow", "path": "/", "secure": false, "value": "1"}, {"domain": "www.21xyl.com", "expiry": 1523770200.977318, "httpOnly": false, "name": "CHAE_2132_sendmail", "path": "/", "secure": false, "value": "1"}, {"domain": "www.21xyl.com", "expiry": 1523856386.942877, "httpOnly": false, "name": "CHAE_2132_sid", "path": "/", "secure": false, "value": "UJ4eJD"}, {"domain": "www.21xyl.com", "expiry": 1555305986.942963, "httpOnly": false, "name": "CHAE_2132_lastcheckfeed", "path": "/", "secure": false, "value": "70%7C1523769987"}, {"domain": "www.21xyl.com", "expiry": 1523856386.942828, "httpOnly": false, "name": "CHAE_2132_lastact", "path": "/", "secure": false, "value": "1523769987%09member.php%09logging"}, {"domain": "www.21xyl.com", "httpOnly": true, "name": "CHAE_2132_auth", "path": "/", "secure": false, "value": "09b8GdkDiWCOz6p8d%2B%2BhPh5sdz0iLp1yygQy3j1MH%2FLU1RyGETq1KWL03xAszHxIzpL6O%2F7wmQtPTiDfVNe9lg"}, {"domain": "www.21xyl.com", "expiry": 1555305986.942856, "httpOnly": false, "name": "CHAE_2132_ulastactivity", "path": "/", "secure": false, "value": "09b8GdkDiWCOz6p8d7z9ORs5JTQmdMt2lwZn1mQeE%2FHR20%2BNRj%2B4"}, {"domain": "www.21xyl.com", "httpOnly": false, "name": "CHAE_2132_lip", "path": "/", "secure": false, "value": "36.63.15.31%2C1523758564"}]