[{"domain": "www.fuliv.net", "expiry": 1555310315.819643, "httpOnly": false, "name": "8NPc_2132_nofavfid", "path": "/", "secure": false, "value": "1"}, {"domain": "www.fuliv.net", "expiry": 1526366308.12617, "httpOnly": true, "name": "8NPc_2132_saltkey", "path": "/", "secure": false, "value": "amF5l6ih"}, {"domain": "www.fuliv.net", "expiry": 1526366308.126208, "httpOnly": false, "name": "8NPc_2132_lastvisit", "path": "/", "secure": false, "value": "1523770729"}, {"domain": "www.fuliv.net", "expiry": 1839134309, "httpOnly": false, "name": "_uab_collina", "path": "/", "secure": false, "value": "152377430963524185671016"}, {"domain": "www.fuliv.net", "expiry": 1523774609.591382, "httpOnly": false, "name": "8NPc_2132_sendmail", "path": "/", "secure": false, "value": "1"}, {"domain": "www.fuliv.net", "expiry": 1523860708.126269, "httpOnly": false, "name": "8NPc_2132_pc_size_c", "path": "/", "secure": false, "value": "0"}, {"domain": "www.fuliv.net", "expiry": 1555310312.651992, "httpOnly": false, "name": "8NPc_2132_ulastactivity", "path": "/", "secure": false, "value": "84eekls2ZSlWPeXDyDekj0BzmV9Lc8MIiAeJZI5mR1i3cR7u%2Bl7k"}, {"domain": "www.fuliv.net", "httpOnly": true, "name": "8NPc_2132_auth", "path": "/", "secure": false, "value": "4c4aSwK2zxzQPq8gcGIbVCENIGSpiVxm3LKi2P%2F8ohxrXMutuYH8U75ElvkYXxxe1MTydypVe9Wiianj8TRcI3aS"}, {"domain": "www.fuliv.net", "expiry": 1539499116, "httpOnly": false, "name": "CNZZDATA1261812458", "path": "/", "secure": false, "value": "1261096293-1523772071-%7C1523772071"}, {"domain": ".fuliv.net", "expiry": 1539499109, "httpOnly": false, "name": "UM_distinctid", "path": "/", "secure": false, "value": "162c806c5632ad-05f3f1370b4534-5f4f2816-1fa400-162c806c5648c"}, {"domain": "www.fuliv.net", "expiry": 1555310312.652131, "httpOnly": false, "name": "8NPc_2132_lastcheckfeed", "path": "/", "secure": false, "value": "2462%7C1523774333"}, {"domain": "www.fuliv.net", "expiry": 1523774916, "httpOnly": false, "name": "8NPc_2132_noticeTitle", "path": "/", "secure": false, "value": "1"}, {"domain": "www.fuliv.net", "expiry": 1523860718.132854, "httpOnly": false, "name": "8NPc_2132_sid", "path": "/", "secure": false, "value": "vX6rNP"}, {"domain": "www.fuliv.net", "httpOnly": false, "name": "8NPc_2132_lip", "path": "/", "secure": false, "value": "113.67.73.163%2C1523774337"}, {"domain": "www.fuliv.net", "expiry": 1523860718.13292, "httpOnly": false, "name": "8NPc_2132_lastact", "path": "/", "secure": false, "value": "1523774339%09misc.php%09patch"}]