[{"domain": "www.xhtwang.com", "expiry": 1526359865.194953, "httpOnly": true, "name": "i7HW_2132_lastvisit", "path": "/", "secure": false, "value": "1523764231"}, {"domain": "www.xhtwang.com", "expiry": 1555303872.353412, "httpOnly": true, "name": "i7HW_2132_nofavfid", "path": "/", "secure": false, "value": "1"}, {"domain": "www.xhtwang.com", "expiry": 1526359865.194845, "httpOnly": true, "name": "i7HW_2132_saltkey", "path": "/", "secure": false, "value": "Hg1LNT8i"}, {"domain": "www.xhtwang.com", "httpOnly": true, "name": "i7HW_2132_creditnotice", "path": "/", "secure": false, "value": "0D0D2D0D0D0D0D0D0D712"}, {"domain": "www.xhtwang.com", "expiry": 1523768166.5552, "httpOnly": true, "name": "i7HW_2132_sendmail", "path": "/", "secure": false, "value": "1"}, {"domain": "www.xhtwang.com", "httpOnly": true, "name": "i7HW_2132_auth", "path": "/", "secure": false, "value": "8a48CrsFak2cD7nSYAiNnHpVPm6rP1IuNHkrWXnxVf8oyXR86jjZRWFoGdxzXQKJmpF%2BDMY4I53hckexuseXS%2BY"}, {"domain": "www.xhtwang.com", "expiry": 1555303868.00408, "httpOnly": true, "name": "i7HW_2132_ulastactivity", "path": "/", "secure": false, "value": "27793Hmu2o7tL%2Bt9SW99rjHhOiTIRXcKldlFCmXI0mYGulP5xffw"}, {"domain": "www.xhtwang.com", "httpOnly": true, "name": "i7HW_2132_creditbase", "path": "/", "secure": false, "value": "0D0D60D0D0D0D0D0D0"}, {"domain": "www.xhtwang.com", "httpOnly": true, "name": "i7HW_2132_creditrule", "path": "/", "secure": false, "value": "%E6%AF%8F%E5%A4%A9%E7%99%BB%E5%BD%95"}, {"domain": "www.xhtwang.com", "expiry": 1555303868.004238, "httpOnly": true, "name": "i7HW_2132_lastcheckfeed", "path": "/", "secure": false, "value": "712%7C1523767834"}, {"domain": "www.xhtwang.com", "expiry": 1523767898.004262, "httpOnly": true, "name": "i7HW_2132_checkfollow", "path": "/", "secure": false, "value": "1"}, {"domain": "www.xhtwang.com", "expiry": 1523767902.796795, "httpOnly": true, "name": "i7HW_2132_checkpm", "path": "/", "secure": false, "value": "1"}, {"domain": "www.xhtwang.com", "expiry": 1523768472, "httpOnly": false, "name": "i7HW_2132_noticeTitle", "path": "/", "secure": false, "value": "1"}, {"domain": "www.xhtwang.com", "expiry": 1523854275.660401, "httpOnly": true, "name": "i7HW_2132_sid", "path": "/", "secure": false, "value": "dO5iP7"}, {"domain": "www.xhtwang.com", "httpOnly": true, "name": "i7HW_2132_lip", "path": "/", "secure": false, "value": "113.65.160.94%2C1523767838"}, {"domain": "www.xhtwang.com", "expiry": 1523854275.660562, "httpOnly": true, "name": "i7HW_2132_lastact", "path": "/", "secure": false, "value": "1523767841%09misc.php%09patch"}]