[{"domain": ".www.taonv6.com", "expiry": 1555309321, "httpOnly": false, "name": "Hm_lvt_3fe3a8870dea146e8cce87e2ed40a9b6", "path": "/", "secure": false, "value": "1523773300"}, {"domain": "www.taonv6.com", "expiry": 1523773352.876898, "httpOnly": false, "name": "Wi56_2132_checkpm", "path": "/", "secure": false, "value": "1"}, {"domain": "www.taonv6.com", "expiry": 1526365298.905438, "httpOnly": true, "name": "Wi56_2132_saltkey", "path": "/", "secure": false, "value": "xXYxX2B4"}, {"domain": "www.taonv6.com", "expiry": 1526365298.905485, "httpOnly": false, "name": "Wi56_2132_lastvisit", "path": "/", "secure": false, "value": "1523769668"}, {"domain": ".www.taonv6.com", "expiry": 1555309321, "httpOnly": false, "name": "Hm_lvt_6ae50c9aa5f36af8d88c80645f87d716", "path": "/", "secure": false, "value": "1523773300"}, {"domain": "www.taonv6.com", "expiry": 1523773600.274173, "httpOnly": false, "name": "Wi56_2132_sendmail", "path": "/", "secure": false, "value": "1"}, {"domain": ".www.taonv6.com", "expiry": 1555309321, "httpOnly": false, "name": "Hm_lvt_d488a923112e6bb6bb21bf486b5b4013", "path": "/", "secure": false, "value": "1523773300"}, {"domain": "www.taonv6.com", "httpOnly": true, "name": "Wi56_2132_auth", "path": "/", "secure": false, "value": "9420eAzlB0ZplXbUwZ2GK%2FFpq3EpLGaYaMWQymQUQTDoZm%2BxrA8gl3%2BsxQdleDH1pjlVBTfuTVlnuKX4LjONFmXp"}, {"domain": "www.taonv6.com", "expiry": 1555309321.088232, "httpOnly": false, "name": "Wi56_2132_ulastactivity", "path": "/", "secure": false, "value": "9420eAzlB0ZplXbUwZmFeaNo%2FCAuITCYb8uZmTocRjfoNGGyo10l"}, {"domain": "www.taonv6.com", "expiry": 1523859721.326572, "httpOnly": false, "name": "Wi56_2132_sid", "path": "/", "secure": false, "value": "XDVpak"}, {"domain": ".www.taonv6.com", "httpOnly": false, "name": "Hm_lpvt_d488a923112e6bb6bb21bf486b5b4013", "path": "/", "secure": false, "value": "1523773322"}, {"domain": "www.taonv6.com", "expiry": 1555309321.088345, "httpOnly": false, "name": "Wi56_2132_lastcheckfeed", "path": "/", "secure": false, "value": "6144%7C1523773291"}, {"domain": "www.taonv6.com", "expiry": 1523773351.088366, "httpOnly": false, "name": "Wi56_2132_checkfollow", "path": "/", "secure": false, "value": "1"}, {"domain": "www.taonv6.com", "httpOnly": false, "name": "Wi56_2132_lip", "path": "/", "secure": false, "value": "110.249.139.238%2C1523769882"}, {"domain": ".www.taonv6.com", "httpOnly": false, "name": "Hm_lpvt_3fe3a8870dea146e8cce87e2ed40a9b6", "path": "/", "secure": false, "value": "1523773322"}, {"domain": ".www.taonv6.com", "httpOnly": false, "name": "Hm_lpvt_6ae50c9aa5f36af8d88c80645f87d716", "path": "/", "secure": false, "value": "1523773322"}, {"domain": "www.taonv6.com", "expiry": 1523859722.876865, "httpOnly": false, "name": "Wi56_2132_lastact", "path": "/", "secure": false, "value": "1523773292%09home.php%09spacecp"}, {"domain": "www.taonv6.com", "expiry": 1523773921, "httpOnly": false, "name": "Wi56_2132_noticeTitle", "path": "/", "secure": false, "value": "1"}]