[{"domain": "www.520mojing.com", "expiry": 1526365896.169718, "httpOnly": true, "name": "6QiH_2132_saltkey", "path": "/", "secure": false, "value": "Jd7r04nd"}, {"domain": ".520mojing.com", "expiry": 1539498697, "httpOnly": false, "name": "UM_distinctid", "path": "/", "secure": false, "value": "162c8007cdd4bc-0d0682e0140ba1-5f4f2816-1fa400-162c8007cde353"}, {"domain": "www.520mojing.com", "expiry": 1523774197.480238, "httpOnly": false, "name": "6QiH_2132_sendmail", "path": "/", "secure": false, "value": "1"}, {"domain": "www.520mojing.com", "expiry": 1526365896.169764, "httpOnly": false, "name": "6QiH_2132_lastvisit", "path": "/", "secure": false, "value": "1523770293"}, {"domain": "www.520mojing.com", "expiry": 1539498705, "httpOnly": false, "name": "CNZZDATA1262590388", "path": "/", "secure": false, "value": "112471831-1523772778-%7C1523772778"}, {"domain": "www.520mojing.com", "expiry": 1523860296.169852, "httpOnly": false, "name": "6QiH_2132_pc_size_c", "path": "/", "secure": false, "value": "0"}, {"domain": "www.520mojing.com", "httpOnly": true, "name": "6QiH_2132_auth", "path": "/", "secure": false, "value": "fac10fTTrB1AcgwGIvDeovm9EcAQIGtCBMzxj4%2F%2B4v1zHpnIPdjAXU%2Bagw8o1zpYXiNH5IkHNqGgysWgrmA8VUip4Q"}, {"domain": "www.520mojing.com", "expiry": 1839133897, "httpOnly": false, "name": "_uab_collina", "path": "/", "secure": false, "value": "152377389756434646475577"}, {"domain": "www.520mojing.com", "expiry": 1555309902.094321, "httpOnly": false, "name": "6QiH_2132_ulastactivity", "path": "/", "secure": false, "value": "faf2%2FydAQerxI%2BEkCsjHx7833FMEDiPOKrcAWq43eY5GZhO8wW9q"}, {"domain": "www.520mojing.com", "expiry": 1555309902.09444, "httpOnly": false, "name": "6QiH_2132_lastcheckfeed", "path": "/", "secure": false, "value": "51045%7C1523773899"}, {"domain": "www.520mojing.com", "expiry": 1523773932.094462, "httpOnly": false, "name": "6QiH_2132_checkfollow", "path": "/", "secure": false, "value": "1"}, {"domain": "www.520mojing.com", "expiry": 1523860305.614204, "httpOnly": false, "name": "6QiH_2132_sid", "path": "/", "secure": false, "value": "Rf2MtW"}, {"domain": "www.520mojing.com", "httpOnly": false, "name": "6QiH_2132_lip", "path": "/", "secure": false, "value": "116.21.180.193%2C1523773899"}, {"domain": "www.520mojing.com", "expiry": 1523860305.614267, "httpOnly": false, "name": "6QiH_2132_lastact", "path": "/", "secure": false, "value": "1523773903%09misc.php%09diyhelp"}]