[{"domain": "www.pamienv.com", "httpOnly": true, "name": "Mlrq_2132_auth", "path": "/", "secure": false, "value": "811f0yVyqCrlb3N7LqUO%2BLjOnN4P7HZkCOKOxQ3Kq%2F%2BUcw7LdG2WOKQZuuFtpJsG%2FFzCEb0A54Aj7tqNfMLanGp9gw"}, {"domain": ".pamienv.com", "expiry": 1555308221.961711, "httpOnly": true, "name": "__cfduid", "path": "/", "secure": false, "value": "dbb4b77aae3fc6ceb27134f562b0a7cc41523772219"}, {"domain": "www.pamienv.com", "expiry": 1526364129.961748, "httpOnly": true, "name": "Mlrq_2132_saltkey", "path": "/", "secure": false, "value": "x2kZzdL6"}, {"domain": "www.pamienv.com", "expiry": 1523772431.675338, "httpOnly": false, "name": "Mlrq_2132_sendmail", "path": "/", "secure": false, "value": "1"}, {"domain": "www.pamienv.com", "expiry": 1526364129.961769, "httpOnly": false, "name": "Mlrq_2132_lastvisit", "path": "/", "secure": false, "value": "1523768527"}, {"domain": "www.pamienv.com", "expiry": 1555308133.480084, "httpOnly": false, "name": "Mlrq_2132_ulastactivity", "path": "/", "secure": false, "value": "7915lhry2S%2Be%2F3yvnIU6%2BKhdHQaaRYUc5QcAN7grdhlotGG2NXEv"}, {"domain": ".pamienv.com", "expiry": 1586844229, "httpOnly": false, "name": "_ga", "path": "/", "secure": false, "value": "GA1.2.384475968.1523772224"}, {"domain": ".pamienv.com", "expiry": 1523772283, "httpOnly": false, "name": "_gat", "path": "/", "secure": false, "value": "1"}, {"domain": ".pamienv.com", "expiry": 1523858629, "httpOnly": false, "name": "_gid", "path": "/", "secure": false, "value": "GA1.2.228384104.1523772224"}, {"domain": "www.pamienv.com", "expiry": 1555308137.05895, "httpOnly": false, "name": "Mlrq_2132_nofavfid", "path": "/", "secure": false, "value": "1"}, {"domain": "www.pamienv.com", "expiry": 1523858537.47595, "httpOnly": false, "name": "Mlrq_2132_sid", "path": "/", "secure": false, "value": "HyIlpa"}, {"domain": "www.pamienv.com", "httpOnly": false, "name": "Mlrq_2132_lip", "path": "/", "secure": false, "value": "116.21.180.193%2C1523772131"}, {"domain": "www.pamienv.com", "expiry": 1523858537.479953, "httpOnly": false, "name": "Mlrq_2132_lastact", "path": "/", "secure": false, "value": "1523772135%09home.php%09spacecp"}, {"domain": "www.pamienv.com", "expiry": 1555308137.479986, "httpOnly": false, "name": "Mlrq_2132_lastcheckfeed", "path": "/", "secure": false, "value": "22208%7C1523772135"}, {"domain": "www.pamienv.com", "expiry": 1523772829, "httpOnly": false, "name": "Mlrq_2132_noticeTitle", "path": "/", "secure": false, "value": "1"}]