[{"domain": "www.lesmao.me", "expiry": 1523771565.021967, "httpOnly": false, "name": "6U2l_2132_checkpm", "path": "/", "secure": false, "value": "1"}, {"domain": "www.lesmao.me", "expiry": 1526363527.326662, "httpOnly": true, "name": "6U2l_2132_saltkey", "path": "/", "secure": false, "value": "W1lVr9l5"}, {"domain": ".www.lesmao.me", "expiry": 1555307534, "httpOnly": false, "name": "Hm_lvt_6a60b923391636750bd84d6047523609", "path": "/", "secure": false, "value": "1523771529"}, {"domain": "www.lesmao.me", "expiry": 1526363527.326697, "httpOnly": false, "name": "6U2l_2132_lastvisit", "path": "/", "secure": false, "value": "1523768624"}, {"domain": "www.lesmao.me", "expiry": 1523771560.364667, "httpOnly": false, "name": "6U2l_2132_checkfollow", "path": "/", "secure": false, "value": "1"}, {"domain": "www.lesmao.me", "expiry": 1523771828.257801, "httpOnly": false, "name": "6U2l_2132_sendmail", "path": "/", "secure": false, "value": "1"}, {"domain": "www.lesmao.me", "expiry": 1555307531.495883, "httpOnly": false, "name": "6U2l_2132_auth", "path": "/", "secure": false, "value": "f2bbd3KYjk61nmxvLc6gKvcJfd%2BIVdnU%2FayEoI5OrSKfrYtS9eZ0rVikL0uYxApcgM3HHxxPbQF%2FlRDUefHhJSZs"}, {"domain": "www.lesmao.me", "expiry": 1555307530.364499, "httpOnly": false, "name": "6U2l_2132_ulastactivity", "path": "/", "secure": false, "value": "2643bfDkUF4ac9N3iLSlZiYIcNHoKaP6ExnVmGZ3PSKruD2x4sXR"}, {"domain": "www.lesmao.me", "expiry": 1555307530.364643, "httpOnly": false, "name": "6U2l_2132_lastcheckfeed", "path": "/", "secure": false, "value": "1152%7C1523772227"}, {"domain": ".www.lesmao.me", "httpOnly": false, "name": "Hm_lpvt_6a60b923391636750bd84d6047523609", "path": "/", "secure": false, "value": "1523771535"}, {"domain": "www.lesmao.me", "expiry": 1523857935.29852, "httpOnly": false, "name": "6U2l_2132_sid", "path": "/", "secure": false, "value": "r7E94Z"}, {"domain": "www.lesmao.me", "httpOnly": false, "name": "6U2l_2132_lip", "path": "/", "secure": false, "value": "113.67.74.14%2C1523772232"}, {"domain": "www.lesmao.me", "expiry": 1523857935.298571, "httpOnly": false, "name": "6U2l_2132_lastact", "path": "/", "secure": false, "value": "1523772232%09misc.php%09patch"}]