[{"domain": "www.paoliangjia.net", "expiry": 1526363259.046842, "httpOnly": false, "name": "QsYl_2132_lastvisit", "path": "/", "secure": false, "value": "1523767649"}, {"domain": "www.paoliangjia.net", "expiry": 1526363259.046791, "httpOnly": true, "name": "QsYl_2132_saltkey", "path": "/", "secure": false, "value": "ck4GTaXA"}, {"domain": ".paoliangjia.net", "expiry": 1539496060, "httpOnly": false, "name": "UM_distinctid", "path": "/", "secure": false, "value": "162c7d83ea38a1-0d2742ee23ebe2-5f4f2816-1fa400-162c7d83ea4200"}, {"domain": "www.paoliangjia.net", "expiry": 1539496068, "httpOnly": false, "name": "CNZZDATA1259328574", "path": "/", "secure": false, "value": "1914638813-1523771258-%7C1523771258"}, {"domain": "www.paoliangjia.net", "expiry": 1523771294.192253, "httpOnly": false, "name": "QsYl_2132_checkfollow", "path": "/", "secure": false, "value": "1"}, {"domain": "www.paoliangjia.net", "expiry": 1523771560.81286, "httpOnly": false, "name": "QsYl_2132_sendmail", "path": "/", "secure": false, "value": "1"}, {"domain": "www.paoliangjia.net", "httpOnly": true, "name": "QsYl_2132_auth", "path": "/", "secure": false, "value": "2a4aWtBT4pd0sYEFdxqTnBvUJTxuFJomYLoXmMH8gtFvlVpphI5f688J7NJyawy4GXdqlcRL1NpZIWj4Mcsgyo%2BkOw"}, {"domain": "www.paoliangjia.net", "expiry": 1555307264.191965, "httpOnly": false, "name": "QsYl_2132_ulastactivity", "path": "/", "secure": false, "value": "13449Gwkc7yIf37oYP2M7eXUisVjGw%2BMdiEwjeuEwjiEU%2FhBuF3t"}, {"domain": "www.paoliangjia.net", "expiry": 1555307264.192207, "httpOnly": false, "name": "QsYl_2132_lastcheckfeed", "path": "/", "secure": false, "value": "31446%7C1523771254"}, {"domain": "www.paoliangjia.net", "expiry": 1523771300.938984, "httpOnly": false, "name": "QsYl_2132_checkpm", "path": "/", "secure": false, "value": "1"}, {"domain": "www.paoliangjia.net", "expiry": 1523771870, "httpOnly": false, "name": "QsYl_2132_noticeTitle", "path": "/", "secure": false, "value": "1"}, {"domain": "www.paoliangjia.net", "expiry": 1523857672.178856, "httpOnly": false, "name": "QsYl_2132_sid", "path": "/", "secure": false, "value": "gQ7GQl"}, {"domain": "www.paoliangjia.net", "httpOnly": false, "name": "QsYl_2132_lip", "path": "/", "secure": false, "value": "61.140.234.87%2C1523771254"}, {"domain": "www.paoliangjia.net", "expiry": 1523857672.178914, "httpOnly": false, "name": "QsYl_2132_lastact", "path": "/", "secure": false, "value": "1523771262%09misc.php%09patch"}]