[{"domain": "www.snquan.org", "httpOnly": false, "name": "7Q6U_2132_member_login_status", "path": "/", "secure": false, "value": "1"}, {"domain": "www.snquan.org", "expiry": 1526360290.910001, "httpOnly": true, "name": "7Q6U_2132_saltkey", "path": "/", "secure": false, "value": "KTZHfD31"}, {"domain": "www.snquan.org", "expiry": 1526360290.910038, "httpOnly": false, "name": "7Q6U_2132_lastvisit", "path": "/", "secure": false, "value": "1523765148"}, {"domain": "www.snquan.org", "expiry": 1539493113, "httpOnly": false, "name": "CNZZDATA1258049987", "path": "/", "secure": false, "value": "952846098-1523765198-%7C1523765198"}, {"domain": "www.snquan.org", "expiry": 1523768592.211746, "httpOnly": false, "name": "7Q6U_2132_sendmail", "path": "/", "secure": false, "value": "1"}, {"domain": "www.snquan.org", "expiry": 1523854716.860169, "httpOnly": false, "name": "7Q6U_2132_lastact", "path": "/", "secure": false, "value": "1523768774%09misc.php%09patch"}, {"domain": ".www.snquan.org", "expiry": 1555304311, "httpOnly": false, "name": "Hm_lvt_aa8e5663543d3afeefa1179f305949e1", "path": "/", "secure": false, "value": "1523768296"}, {"domain": "www.snquan.org", "expiry": 1523854716.859965, "httpOnly": false, "name": "7Q6U_2132_sid", "path": "/", "secure": false, "value": "K00Yc4"}, {"domain": "www.snquan.org", "expiry": 1555304307.616002, "httpOnly": false, "name": "7Q6U_2132_lastcheckfeed", "path": "/", "secure": false, "value": "7243%7C1523768765"}, {"domain": ".snquan.org", "expiry": 1539493103, "httpOnly": false, "name": "UM_distinctid", "path": "/", "secure": false, "value": "162c7ab1dd06ed-0ed4e03b994755-5f4f2816-1fa400-162c7ab1dd114"}, {"domain": "www.snquan.org", "httpOnly": true, "name": "7Q6U_2132_auth", "path": "/", "secure": false, "value": "811aiY8%2F%2BYMvs80B105huhGimSbggIcIaSeFtdfkweyLVCEwjSaAtTGa12fT3GXKNKyhxKbkzWu5%2Bzh7b4KmjJAo"}, {"domain": "www.snquan.org", "expiry": 1555304307.615367, "httpOnly": false, "name": "7Q6U_2132_ulastactivity", "path": "/", "secure": false, "value": "73e16pm%2BuJIQUq48d1ytzQp1TTNRgETTApnW8QteFcR2ldOGFPLv"}, {"domain": "www.snquan.org", "expiry": 1523768337.616085, "httpOnly": false, "name": "7Q6U_2132_checkfollow", "path": "/", "secure": false, "value": "1"}, {"domain": "www.snquan.org", "expiry": 1555304310.963575, "httpOnly": false, "name": "7Q6U_2132_nofavfid", "path": "/", "secure": false, "value": "1"}, {"domain": ".www.snquan.org", "httpOnly": false, "name": "Hm_lpvt_aa8e5663543d3afeefa1179f305949e1", "path": "/", "secure": false, "value": "1523768311"}, {"domain": "www.snquan.org", "expiry": 1523768340.455398, "httpOnly": false, "name": "7Q6U_2132_checkpm", "path": "/", "secure": false, "value": "1"}, {"domain": "www.snquan.org", "expiry": 1523768913, "httpOnly": false, "name": "7Q6U_2132_noticeTitle", "path": "/", "secure": false, "value": "1"}, {"domain": "www.snquan.org", "httpOnly": false, "name": "7Q6U_2132_lip", "path": "/", "secure": false, "value": "116.21.180.193%2C1523768768"}]