[{"domain": "www.meetv.cc", "expiry": 1526365980.103331, "httpOnly": false, "name": "FbF1_2132_lastvisit", "path": "/", "secure": false, "value": "1523770378"}, {"domain": "www.meetv.cc", "expiry": 1526365980.103275, "httpOnly": true, "name": "FbF1_2132_saltkey", "path": "/", "secure": false, "value": "L7PM0PW0"}, {"domain": "www.meetv.cc", "expiry": 1523774284.109411, "httpOnly": false, "name": "FbF1_2132_sendmail", "path": "/", "secure": false, "value": "1"}, {"domain": "www.meetv.cc", "httpOnly": true, "name": "FbF1_2132_auth", "path": "/", "secure": false, "value": "ddf80oIYKhLWh1Set5wVz1gmjXWx4t%2Bx%2FgaPgHdSEGVhEbn0g6iWfu2xtrcycZX0L9J3WTqpNe4vTsemyYH3g4Q"}, {"domain": "www.meetv.cc", "expiry": 1555309987.878325, "httpOnly": false, "name": "FbF1_2132_ulastactivity", "path": "/", "secure": false, "value": "ddf80oIYKhLWh1Set8kTnlsgjHPi59e9%2FQKJ2iJQF2YzEuymj%2FGa"}, {"domain": "www.meetv.cc", "expiry": 1555309987.878458, "httpOnly": false, "name": "FbF1_2132_lastcheckfeed", "path": "/", "secure": false, "value": "307%7C1523773985"}, {"domain": "www.meetv.cc", "expiry": 1523860403.804875, "httpOnly": false, "name": "FbF1_2132_sid", "path": "/", "secure": false, "value": "bNxdAw"}, {"domain": "www.meetv.cc", "expiry": 1523774596, "httpOnly": false, "name": "FbF1_2132_noticeTitle", "path": "/", "secure": false, "value": "1"}, {"domain": "www.meetv.cc", "httpOnly": false, "name": "FbF1_2132_lip", "path": "/", "secure": false, "value": "116.22.59.13%2C1523773992"}, {"domain": "www.meetv.cc", "expiry": 1523860403.804928, "httpOnly": false, "name": "FbF1_2132_lastact", "path": "/", "secure": false, "value": "1523774002%09misc.php%09patch"}]