[{"domain": "www.t4321.com", "httpOnly": false, "name": "ZDEDebuggerPresent", "path": "/", "secure": false, "value": "php,phtml,php3"}, {"domain": "www.t4321.com", "expiry": 1523774249.380147, "httpOnly": false, "name": "HM58_2132_sendmail", "path": "/", "secure": false, "value": "1"}, {"domain": "www.t4321.com", "expiry": 1526365947.43341, "httpOnly": false, "name": "HM58_2132_lastvisit", "path": "/", "secure": false, "value": "1523770342"}, {"domain": "www.t4321.com", "httpOnly": false, "name": "HM58_2132_creditnotice", "path": "/", "secure": false, "value": "0D5D0D0D0D0D0D0D0D108081"}, {"domain": "www.t4321.com", "expiry": 1526365947.433385, "httpOnly": true, "name": "HM58_2132_saltkey", "path": "/", "secure": false, "value": "ydr1qRnD"}, {"domain": ".www.t4321.com", "expiry": 1555309948, "httpOnly": false, "name": "Hm_lvt_93fbdc8b6cead824e0d32e9b9345f1ab", "path": "/", "secure": false, "value": "1523773949"}, {"domain": ".www.t4321.com", "httpOnly": false, "name": "Hm_lpvt_93fbdc8b6cead824e0d32e9b9345f1ab", "path": "/", "secure": false, "value": "1523773949"}, {"domain": "www.t4321.com", "expiry": 1523860360.976609, "httpOnly": false, "name": "HM58_2132_lastact", "path": "/", "secure": false, "value": "1523773955%09member.php%09logging"}, {"domain": "www.t4321.com", "httpOnly": true, "name": "HM58_2132_auth", "path": "/", "secure": false, "value": "1c71cwlelor%2FC1iCRXHQuIwbb%2FmBqFuA1QBvoDNga4Hvdk3AwaXal42jw%2BLJ2iyYXs%2BYB2apv0I7oS%2B1EOR8ly%2FkAws"}, {"domain": "www.t4321.com", "expiry": 1555309960.976639, "httpOnly": false, "name": "HM58_2132_ulastactivity", "path": "/", "secure": false, "value": "1523773955%7C0"}, {"domain": "www.t4321.com", "httpOnly": false, "name": "HM58_2132_creditbase", "path": "/", "secure": false, "value": "0D96D0D0D0D0D0D0D0"}, {"domain": "www.t4321.com", "httpOnly": false, "name": "HM58_2132_creditrule", "path": "/", "secure": false, "value": "%E6%AF%8F%E5%A4%A9%E7%99%BB%E5%BD%95"}, {"domain": "www.t4321.com", "expiry": 1555309960.976778, "httpOnly": false, "name": "HM58_2132_lastcheckfeed", "path": "/", "secure": false, "value": "108081%7C1523773955"}, {"domain": "www.t4321.com", "expiry": 1523773990.976797, "httpOnly": false, "name": "HM58_2132_checkfollow", "path": "/", "secure": false, "value": "1"}, {"domain": "www.t4321.com", "httpOnly": false, "name": "HM58_2132_lip", "path": "/", "secure": false, "value": "116.22.59.13%2C1523773955"}]