[{"domain": "www.aibifuli.me", "expiry": 1523776407.374746, "httpOnly": false, "name": "jK18_2132_sendmail", "path": "/", "secure": true, "value": "1"}, {"domain": "www.aibifuli.me", "expiry": 1526368092.770138, "httpOnly": false, "name": "jK18_2132_lastvisit", "path": "/", "secure": true, "value": "1523772490"}, {"domain": "www.aibifuli.me", "expiry": 1523819409.54848, "httpOnly": false, "name": "jK18_2132_security_cookiereport", "path": "/", "secure": true, "value": "a63cm36LArBMqz4xF1dF1zBY%2BJfK8LpvofqVztCyjEbPjY740vhT"}, {"domain": "www.aibifuli.me", "expiry": 1526368092.770095, "httpOnly": true, "name": "jK18_2132_saltkey", "path": "/", "secure": true, "value": "nQOfg4zS"}, {"domain": "www.aibifuli.me", "httpOnly": true, "name": "jK18_2132_auth", "path": "/", "secure": true, "value": "88f57b1XHupqq3wi6G04hH3bxI%2B1JjQ0ut5kV7QHgVjo3NW5tvXAcnR2oCWUrHckqgHNxtqiV2nW9hW1cc0pS8IBBg"}, {"domain": "www.aibifuli.me", "expiry": 1523862610.548198, "httpOnly": false, "name": "jK18_2132_lastact", "path": "/", "secure": true, "value": "1523776207%09member.php%09logging"}, {"domain": "www.aibifuli.me", "expiry": 1523862610.54828, "httpOnly": false, "name": "jK18_2132_sid", "path": "/", "secure": true, "value": "D77C44"}, {"domain": ".aibifuli.me", "expiry": 1539500907, "httpOnly": false, "name": "UM_distinctid", "path": "/", "secure": false, "value": "162c8223551540-02207169f46dfd-5f4f2816-1fa400-162c822355219f"}, {"domain": "www.aibifuli.me", "expiry": 1555312210.548306, "httpOnly": false, "name": "jK18_2132_ulastactivity", "path": "/", "secure": true, "value": "1b6dgxS8cc7NwEJCgNVV7Ty0geLAAymSuYshU9KThaWnNCtBqqEV"}, {"domain": "www.aibifuli.me", "expiry": 1539500943, "httpOnly": false, "name": "CNZZDATA1261624842", "path": "/", "secure": false, "value": "1371594801-1523774834-%7C1523774834"}, {"domain": "www.aibifuli.me", "expiry": 1555312210.548419, "httpOnly": false, "name": "jK18_2132_lastcheckfeed", "path": "/", "secure": true, "value": "72769%7C1523776207"}, {"domain": "www.aibifuli.me", "expiry": 1523776240.54844, "httpOnly": false, "name": "jK18_2132_checkfollow", "path": "/", "secure": true, "value": "1"}, {"domain": "www.aibifuli.me", "httpOnly": false, "name": "jK18_2132_lip", "path": "/", "secure": true, "value": "117.136.34.179%2C1523722655"}]