[{"domain": ".feitw.com", "expiry": 1539497669, "httpOnly": false, "name": "UM_distinctid", "path": "/", "secure": false, "value": "162c7f0cbfa113-01fb9c65355a13-5f4f2816-1fa400-162c7f0cbfbcd"}, {"domain": "www.feitw.com", "expiry": 1526364861.794539, "httpOnly": true, "name": "1Ea9_2132_saltkey", "path": "/", "secure": false, "value": "WCq7KexD"}, {"domain": "www.feitw.com", "expiry": 1523773163.952521, "httpOnly": false, "name": "1Ea9_2132_sendmail", "path": "/", "secure": false, "value": "1"}, {"domain": "www.feitw.com", "expiry": 1526364861.794574, "httpOnly": false, "name": "1Ea9_2132_lastvisit", "path": "/", "secure": false, "value": "1523769260"}, {"domain": "www.feitw.com", "expiry": 1539497675, "httpOnly": false, "name": "CNZZDATA1262447030", "path": "/", "secure": false, "value": "811899819-1523769989-%7C1523769989"}, {"domain": "www.feitw.com", "expiry": 1555308871.311544, "httpOnly": false, "name": "1Ea9_2132_lastcheckfeed", "path": "/", "secure": false, "value": "3612%7C1523772870"}, {"domain": "www.feitw.com", "httpOnly": true, "name": "1Ea9_2132_auth", "path": "/", "secure": false, "value": "8aaf%2Bt5N0vhMgerPiYxWoPXOHQnIWtMFgQpzmBEobLHO0Twvesd61JzXlmkfa4nt3ob5CXoGBwU%2B9J9EQAnCxuP7"}, {"domain": "www.feitw.com", "expiry": 1523859275.541367, "httpOnly": false, "name": "1Ea9_2132_sid", "path": "/", "secure": false, "value": "qRB2qb"}, {"domain": "www.feitw.com", "expiry": 1523773475, "httpOnly": false, "name": "1Ea9_2132_noticeTitle", "path": "/", "secure": false, "value": "1"}, {"domain": "www.feitw.com", "expiry": 1555308871.311397, "httpOnly": false, "name": "1Ea9_2132_ulastactivity", "path": "/", "secure": false, "value": "d2cdQsFMZyTart6mkF0tM1P5HA4b%2F%2F%2FJ5ZVP4B%2BJ8zCT8cHh%2F%2F%2Be"}, {"domain": "www.feitw.com", "expiry": 1523772901.311562, "httpOnly": false, "name": "1Ea9_2132_checkfollow", "path": "/", "secure": false, "value": "1"}, {"domain": "www.feitw.com", "httpOnly": false, "name": "1Ea9_2132_lip", "path": "/", "secure": false, "value": "113.68.179.67%2C1523697701"}, {"domain": "www.feitw.com", "expiry": 1523859275.541112, "httpOnly": false, "name": "1Ea9_2132_lastact", "path": "/", "secure": false, "value": "1523772874%09forum.php%09"}, {"domain": "www.feitw.com", "expiry": 1555308875.541225, "httpOnly": false, "name": "1Ea9_2132_nofavfid", "path": "/", "secure": false, "value": "1"}, {"domain": "www.feitw.com", "expiry": 1523773175.541299, "httpOnly": false, "name": "1Ea9_2132_onlineusernum", "path": "/", "secure": false, "value": "78"}]