[{"domain": "www.yemao6.co", "expiry": 1523773962.219489, "httpOnly": false, "name": "_tccl_visit", "path": "/", "secure": false, "value": "1f382102-2219-48a7-a9ba-00381c8e8129"}, {"domain": "www.yemao6.co", "expiry": 1523772462.106573, "httpOnly": false, "name": "9dGd_2132_sendmail", "path": "/", "secure": false, "value": "1"}, {"domain": "www.yemao6.co", "expiry": 1526364158.942751, "httpOnly": false, "name": "9dGd_2132_lastvisit", "path": "/", "secure": false, "value": "1523768556"}, {"domain": "www.yemao6.co", "expiry": 1526364158.9427, "httpOnly": true, "name": "9dGd_2132_saltkey", "path": "/", "secure": false, "value": "IE88tT3j"}, {"domain": ".yemao6.co", "expiry": 1539496961, "httpOnly": false, "name": "UM_distinctid", "path": "/", "secure": false, "value": "162c7e5fc5e43e-029da81c1e684a-5f4f2816-1fa400-162c7e5fc5fa80"}, {"domain": "www.yemao6.co", "expiry": 1555308162.219318, "httpOnly": false, "name": "_tccl_visitor", "path": "/", "secure": false, "value": "1f382102-2219-48a7-a9ba-00381c8e8129"}, {"domain": "www.yemao6.co", "expiry": 1539496961, "httpOnly": false, "name": "CNZZDATA1272858310", "path": "/", "secure": false, "value": "471895321-1523767361-%7C1523767361"}, {"domain": "www.yemao6.co", "expiry": 1523858573.240219, "httpOnly": false, "name": "9dGd_2132_sid", "path": "/", "secure": false, "value": "pwVw7L"}, {"domain": "www.yemao6.co", "expiry": 1555308173.240388, "httpOnly": false, "name": "9dGd_2132_lastcheckfeed", "path": "/", "secure": false, "value": "1432%7C1523772170"}, {"domain": "www.yemao6.co", "httpOnly": false, "name": "9dGd_2132_seccode", "path": "/", "secure": false, "value": "1343.762f31334e47afffd6"}, {"domain": "www.yemao6.co", "expiry": 1523858573.240163, "httpOnly": false, "name": "9dGd_2132_lastact", "path": "/", "secure": false, "value": "1523772170%09member.php%09logging"}, {"domain": "www.yemao6.co", "expiry": 1555308173.240244, "httpOnly": false, "name": "9dGd_2132_ulastactivity", "path": "/", "secure": false, "value": "67f6shuFExAyAU4dmv3FmrnOQPBbGQL0py1jULxhZgDxpIQraPSU"}, {"domain": "www.yemao6.co", "httpOnly": true, "name": "9dGd_2132_auth", "path": "/", "secure": false, "value": "2473sgvKOl6oo5rbjvjbJRc4G5YUp%2F3ctLJLpZk65d9A%2FcLZvlY3K8tAQJp6sH5WPt490gZRxPlvoB2JetNHxJlL"}, {"domain": "www.yemao6.co", "httpOnly": false, "name": "9dGd_2132_creditnotice", "path": "/", "secure": false, "value": "0D0D2D0D0D0D0D0D0D1432"}, {"domain": "www.yemao6.co", "httpOnly": false, "name": "9dGd_2132_creditbase", "path": "/", "secure": false, "value": "0D0D28D0D0D0D0D0D0"}, {"domain": "www.yemao6.co", "expiry": 1523772203.240417, "httpOnly": false, "name": "9dGd_2132_checkfollow", "path": "/", "secure": false, "value": "1"}, {"domain": "www.yemao6.co", "httpOnly": false, "name": "9dGd_2132_creditrule", "path": "/", "secure": false, "value": "%E6%AF%8F%E5%A4%A9%E7%99%BB%E5%BD%95"}, {"domain": "www.yemao6.co", "httpOnly": false, "name": "9dGd_2132_lip", "path": "/", "secure": false, "value": "221.223.195.105%2C1523627036"}]