[{"domain": "www.whl222.com", "expiry": 1526363895.144823, "httpOnly": false, "name": "Rxhu_2132_lastvisit", "path": "/", "secure": false, "value": "1523768292"}, {"domain": "www.whl222.com", "expiry": 1526363895.144784, "httpOnly": true, "name": "Rxhu_2132_saltkey", "path": "/", "secure": false, "value": "jFa9FECG"}, {"domain": ".whl222.com", "expiry": 1539496696, "httpOnly": false, "name": "UM_distinctid", "path": "/", "secure": false, "value": "162c7e1f3ca19-0afe4b6972c555-5f4f2816-1fa400-162c7e1f3cbaa5"}, {"domain": "www.whl222.com", "expiry": 1539496702, "httpOnly": false, "name": "CNZZDATA1264772069", "path": "/", "secure": false, "value": "836588034-1523771276-%7C1523771276"}, {"domain": "www.whl222.com", "expiry": 1523772199.047765, "httpOnly": false, "name": "Rxhu_2132_sendmail", "path": "/", "secure": false, "value": "1"}, {"domain": "www.whl222.com", "expiry": 1523858303.861948, "httpOnly": false, "name": "Rxhu_2132_sid", "path": "/", "secure": false, "value": "JPvGh2"}, {"domain": "www.whl222.com", "expiry": 1555307902.320443, "httpOnly": false, "name": "Rxhu_2132_lastcheckfeed", "path": "/", "secure": false, "value": "3759%7C1523771899"}, {"domain": "www.whl222.com", "httpOnly": true, "name": "Rxhu_2132_auth", "path": "/", "secure": false, "value": "a45ebR%2BGi8ByOUQluUsDs74sGM5hvE3VDH8aFqC6c7FUVHCS4yO0TaO0bvJS8XqSGc45f%2F2y%2FfbzL8%2Bh8oMiPyeg"}, {"domain": "www.whl222.com", "expiry": 1555307902.320295, "httpOnly": false, "name": "Rxhu_2132_ulastactivity", "path": "/", "secure": false, "value": "a45ebR%2BGi8ByOUQluR1V7%2BMrHJM37R%2BOW3EcHfLqILJRAXWQ7CO4"}, {"domain": "www.whl222.com", "expiry": 1523771932.320464, "httpOnly": false, "name": "Rxhu_2132_checkfollow", "path": "/", "secure": false, "value": "1"}, {"domain": "www.whl222.com", "httpOnly": false, "name": "Rxhu_2132_lip", "path": "/", "secure": false, "value": "113.65.160.101%2C1523612540"}, {"domain": "www.whl222.com", "expiry": 1523858303.861911, "httpOnly": false, "name": "Rxhu_2132_lastact", "path": "/", "secure": false, "value": "1523771900%09member.php%09"}, {"domain": "www.whl222.com", "expiry": 1523772502, "httpOnly": false, "name": "Rxhu_2132_noticeTitle", "path": "/", "secure": false, "value": "1"}]