[{"domain": "www.wumeisz.net", "expiry": 1526359441.080756, "httpOnly": false, "name": "xhQp_2132_lastvisit", "path": "/", "secure": false, "value": "1523763920"}, {"domain": "www.wumeisz.net", "expiry": 1526359441.080727, "httpOnly": true, "name": "xhQp_2132_saltkey", "path": "/", "secure": false, "value": "HZqLuU11"}, {"domain": "www.wumeisz.net", "expiry": 1523767741.660264, "httpOnly": false, "name": "xhQp_2132_sendmail", "path": "/", "secure": false, "value": "1"}, {"domain": "www.wumeisz.net", "expiry": 1555303455.397031, "httpOnly": false, "name": "xhQp_2132_lastcheckfeed", "path": "/", "secure": false, "value": "18760%7C1523767534"}, {"domain": ".wumeisz.net", "expiry": 1539492241, "httpOnly": false, "name": "UM_distinctid", "path": "/", "secure": false, "value": "162c79df9d54b3-0ae51e04f868cb-5f4f2816-1fa400-162c79df9d619c"}, {"domain": "www.wumeisz.net", "expiry": 1523853855.396368, "httpOnly": false, "name": "xhQp_2132_sid", "path": "/", "secure": false, "value": "bHiMhQ"}, {"domain": "www.wumeisz.net", "expiry": 1539492241, "httpOnly": false, "name": "CNZZDATA1271880405", "path": "/", "secure": false, "value": "794220273-1523762078-%7C1523762078"}, {"domain": "www.wumeisz.net", "expiry": 1524055455.395987, "httpOnly": true, "name": "yunsuo_session_verify", "path": "/", "secure": false, "value": "47767149096d5e15328b19e2cb8137fb"}, {"domain": "www.wumeisz.net", "httpOnly": false, "name": "xhQp_2132_creditbase", "path": "/", "secure": false, "value": "0D212D212D0D0D0D0D0D0"}, {"domain": "www.wumeisz.net", "expiry": 1523853855.396184, "httpOnly": false, "name": "xhQp_2132_lastact", "path": "/", "secure": false, "value": "1523767534%09member.php%09logging"}, {"domain": "www.wumeisz.net", "expiry": 1555303455.396459, "httpOnly": false, "name": "xhQp_2132_ulastactivity", "path": "/", "secure": false, "value": "066d%2F52NL25Whe6bkn7ocjRCgWJJmTIc02VVFaDAOhAm3%2Bvqsk5G"}, {"domain": "www.wumeisz.net", "httpOnly": true, "name": "xhQp_2132_auth", "path": "/", "secure": false, "value": "0e166qDRCSDYF%2FKqvVr%2BlybuEFSYhpyfzTKZ%2BOoNQKbflNoUt%2FeW%2FA44QbFBbBGuMmfzI5GkwP0O8UiBIaLLiBU6rg"}, {"domain": "www.wumeisz.net", "httpOnly": false, "name": "xhQp_2132_creditnotice", "path": "/", "secure": false, "value": "0D1D0D0D0D0D0D0D0D18760"}, {"domain": "www.wumeisz.net", "httpOnly": false, "name": "xhQp_2132_creditrule", "path": "/", "secure": false, "value": "%E6%AF%8F%E5%A4%A9%E7%99%BB%E5%BD%95"}, {"domain": "www.wumeisz.net", "expiry": 1523767485.397115, "httpOnly": false, "name": "xhQp_2132_checkfollow", "path": "/", "secure": false, "value": "1"}, {"domain": "www.wumeisz.net", "httpOnly": false, "name": "xhQp_2132_lip", "path": "/", "secure": false, "value": "116.23.154.193%2C1523522217"}]