[{"domain": "www.ov2.info", "expiry": 1526360601.320237, "httpOnly": false, "name": "ePDD_2132_lastvisit", "path": "/", "secure": false, "value": "1523764998"}, {"domain": "www.ov2.info", "expiry": 1526360601.320195, "httpOnly": true, "name": "ePDD_2132_saltkey", "path": "/", "secure": false, "value": "opvKl55W"}, {"domain": "www.ov2.info", "expiry": 1555304656.836301, "httpOnly": false, "name": "ePDD_2132_lastcheckfeed", "path": "/", "secure": false, "value": "13814%7C1523768654"}, {"domain": "www.ov2.info", "expiry": 1523855056.835833, "httpOnly": false, "name": "ePDD_2132_sid", "path": "/", "secure": false, "value": "YNQptt"}, {"domain": "www.ov2.info", "httpOnly": false, "name": "__tins__19087697", "path": "/", "secure": false, "value": "%7B%22sid%22%3A%201523768603483%2C%20%22vd%22%3A%201%2C%20%22expires%22%3A%201523770403483%7D"}, {"domain": "www.ov2.info", "expiry": 1555304656.835923, "httpOnly": false, "name": "ePDD_2132_ulastactivity", "path": "/", "secure": false, "value": "c336HjNQ8V0Z7%2B0p89AiIGINwcr3JTEdf%2Bx3yA8pC5hYyAfpzG%2Fi"}, {"domain": "www.ov2.info", "httpOnly": false, "name": "__51cke__", "path": "/", "secure": false, "value": ""}, {"domain": "www.ov2.info", "httpOnly": false, "name": "__51laig__", "path": "/", "secure": false, "value": "1"}, {"domain": "www.ov2.info", "expiry": 1523768903.641034, "httpOnly": false, "name": "ePDD_2132_sendmail", "path": "/", "secure": false, "value": "1"}, {"domain": "www.ov2.info", "expiry": 1523855056.835639, "httpOnly": false, "name": "ePDD_2132_lastact", "path": "/", "secure": false, "value": "1523768654%09member.php%09logging"}, {"domain": "www.ov2.info", "httpOnly": true, "name": "ePDD_2132_auth", "path": "/", "secure": false, "value": "34953cAm9wy%2B2oRuUWbII3xxJfL9XkdY2QpwCFaDvF3%2BDHrYnXuDSVdb%2Bhwfp6AmkO3mvTOImnK088IBJ3OUxg4wrw"}, {"domain": "www.ov2.info", "expiry": 1523768686.83638, "httpOnly": false, "name": "ePDD_2132_checkfollow", "path": "/", "secure": false, "value": "1"}]