[{"domain": "www.luba123.info", "expiry": 1526361721.291951, "httpOnly": false, "name": "uDSx_2132_lastvisit", "path": "/", "secure": false, "value": "1523766092"}, {"domain": "www.luba123.info", "expiry": 1523770022.397275, "httpOnly": false, "name": "uDSx_2132_sendmail", "path": "/", "secure": false, "value": "1"}, {"domain": "www.luba123.info", "expiry": 1526361721.291914, "httpOnly": true, "name": "uDSx_2132_saltkey", "path": "/", "secure": false, "value": "Ia0REaV2"}, {"domain": "www.luba123.info", "httpOnly": false, "name": "__51cke__", "path": "/", "secure": false, "value": ""}, {"domain": ".www.luba123.info", "expiry": 1555305730, "httpOnly": false, "name": "Hm_lvt_3c551a92d8257d0820e6e8b171baa161", "path": "/", "secure": false, "value": "1523769723"}, {"domain": ".www.luba123.info", "expiry": 1555305730, "httpOnly": false, "name": "Hm_lvt_d354e001f5b046a94aac24eb037f9763", "path": "/", "secure": false, "value": "1523769723"}, {"domain": "www.luba123.info", "httpOnly": true, "name": "uDSx_2132_auth", "path": "/", "secure": false, "value": "ea4dewXNS%2FZEvdevEbrj%2BbuyJpzyw7c%2FtS8vfF%2BxLeA0uvQ4a7mbNP5NAw5KOeTK7IDtJKE4ShxZ2acMiO3hq67l"}, {"domain": "www.luba123.info", "expiry": 1523856130.150265, "httpOnly": false, "name": "uDSx_2132_sid", "path": "/", "secure": false, "value": "qDzJZ0"}, {"domain": "www.luba123.info", "expiry": 1555305728.932736, "httpOnly": false, "name": "uDSx_2132_ulastactivity", "path": "/", "secure": false, "value": "cddfd4YbYc4HHnK6xW3VxwsQGGvP19b1UweCSnXWbhmcH7S2UEce"}, {"domain": "www.luba123.info", "expiry": 1555305728.933176, "httpOnly": false, "name": "uDSx_2132_lastcheckfeed", "path": "/", "secure": false, "value": "1309%7C1523769700"}, {"domain": "www.luba123.info", "expiry": 1523769758.933267, "httpOnly": false, "name": "uDSx_2132_checkfollow", "path": "/", "secure": false, "value": "1"}, {"domain": "www.luba123.info", "httpOnly": false, "name": "uDSx_2132_lip", "path": "/", "secure": false, "value": "61.140.239.48%2C1523611644"}, {"domain": ".www.luba123.info", "httpOnly": false, "name": "Hm_lpvt_3c551a92d8257d0820e6e8b171baa161", "path": "/", "secure": false, "value": "1523769730"}, {"domain": "www.luba123.info", "expiry": 1523812928.933422, "httpOnly": false, "name": "uDSx_2132_security_cookiereport", "path": "/", "secure": false, "value": "81fdWkhwVapI0asbQI%2FcgnlVp1KCyAV8Y9GE4V3HHe8luqTHbA4%2B"}, {"domain": "www.luba123.info", "expiry": 1523769760.396276, "httpOnly": false, "name": "uDSx_2132_checkpm", "path": "/", "secure": false, "value": "1"}, {"domain": "www.luba123.info", "expiry": 1523770330, "httpOnly": false, "name": "uDSx_2132_noticeTitle", "path": "/", "secure": false, "value": "1"}, {"domain": "www.luba123.info", "expiry": 1523856129.565977, "httpOnly": false, "name": "uDSx_2132_lastact", "path": "/", "secure": false, "value": "1523769701%09misc.php%09patch"}, {"domain": "www.luba123.info", "httpOnly": false, "name": "__tins__19356442", "path": "/", "secure": false, "value": "%7B%22sid%22%3A%201523769722832%2C%20%22vd%22%3A%202%2C%20%22expires%22%3A%201523771530402%7D"}, {"domain": "www.luba123.info", "httpOnly": false, "name": "__51laig__", "path": "/", "secure": false, "value": "2"}, {"domain": ".www.luba123.info", "httpOnly": false, "name": "Hm_lpvt_d354e001f5b046a94aac24eb037f9763", "path": "/", "secure": false, "value": "1523769730"}]