[{"domain": "www.atc16.com", "httpOnly": false, "name": "QljI_2132_creditnotice", "path": "/", "secure": false, "value": "0D0D2D0D0D0D0D0D0D302108"}, {"domain": ".atc16.com", "expiry": 1539493149, "httpOnly": false, "name": "UM_distinctid", "path": "/", "secure": false, "value": "162c7abd19c75-08419377975ec1-5f4f2816-1fa400-162c7abd19d530"}, {"domain": "www.atc16.com", "expiry": 1526360343.220017, "httpOnly": true, "name": "QljI_2132_saltkey", "path": "/", "secure": false, "value": "Uv2ZVLaI"}, {"domain": "www.atc16.com", "expiry": 1539493149, "httpOnly": false, "name": "CNZZDATA1255738014", "path": "/", "secure": false, "value": "2020605787-1523765216-%7C1523765216"}, {"domain": "www.atc16.com", "expiry": 1526360343.220052, "httpOnly": false, "name": "QljI_2132_lastvisit", "path": "/", "secure": false, "value": "1523764740"}, {"domain": "www.atc16.com", "expiry": 1523768643.352901, "httpOnly": false, "name": "QljI_2132_sendmail", "path": "/", "secure": false, "value": "1"}, {"domain": ".atc16.com", "expiry": 2147385600, "httpOnly": false, "name": "pgv_pvi", "path": "/", "secure": false, "value": "3155827830"}, {"domain": "www.atc16.com", "expiry": 1649998747, "httpOnly": false, "name": "bdshare_firstime", "path": "/", "secure": false, "value": "1523768347970"}, {"domain": ".atc16.com", "httpOnly": false, "name": "pgv_info", "path": "/", "secure": false, "value": "ssi=s2410679665"}, {"domain": "www.atc16.com", "expiry": 1523854812.975121, "httpOnly": false, "name": "QljI_2132_sid", "path": "/", "secure": false, "value": "w19zid"}, {"domain": "www.atc16.com", "expiry": 1523854812.975033, "httpOnly": false, "name": "QljI_2132_lastact", "path": "/", "secure": false, "value": "1523768410%09member.php%09logging"}, {"domain": "www.atc16.com", "expiry": 1555304412.975145, "httpOnly": false, "name": "QljI_2132_ulastactivity", "path": "/", "secure": false, "value": "7eb7Q0ZTDD5BAQ4jqK9Y1V6oyR5g89zqbptiXZezgEXDlbE%2F7piX"}, {"domain": "www.atc16.com", "httpOnly": true, "name": "QljI_2132_auth", "path": "/", "secure": false, "value": "ac42Tjz84rDaaTXIYKBSnsvQOlPaT2qMbjZcG8gpEx71uvNalkaO4SXDKjBMF011EaFkpO8XnK7QAWu50bF%2Fw3wEWww"}, {"domain": "www.atc16.com", "httpOnly": false, "name": "QljI_2132_creditbase", "path": "/", "secure": false, "value": "0D0D5000070D0D0D0D0D0D0"}, {"domain": "www.atc16.com", "httpOnly": false, "name": "QljI_2132_creditrule", "path": "/", "secure": false, "value": "%E6%AF%8F%E5%A4%A9%E7%99%BB%E5%BD%95"}, {"domain": "www.atc16.com", "expiry": 1555304412.975296, "httpOnly": false, "name": "QljI_2132_lastcheckfeed", "path": "/", "secure": false, "value": "302108%7C1523768410"}, {"domain": "www.atc16.com", "expiry": 1523768442.975316, "httpOnly": false, "name": "QljI_2132_checkfollow", "path": "/", "secure": false, "value": "1"}, {"domain": "www.atc16.com", "httpOnly": false, "name": "QljI_2132_lip", "path": "/", "secure": false, "value": "183.234.62.32%2C1523726273"}]