[{"domain": "www.ynx1.com", "httpOnly": false, "name": "__51cke__", "path": "/", "secure": false, "value": ""}, {"domain": ".ynx1.com", "expiry": 1523767985, "httpOnly": false, "name": "_gat_gtag_UA_111792927_1", "path": "/", "secure": false, "value": "1"}, {"domain": "www.ynx1.com", "expiry": 1523768204.276053, "httpOnly": false, "name": "lck0_2132_sendmail", "path": "/", "secure": false, "value": "1"}, {"domain": "www.ynx1.com", "expiry": 1526359902.626387, "httpOnly": false, "name": "lck0_2132_lastvisit", "path": "/", "secure": false, "value": "1523764406"}, {"domain": "www.ynx1.com", "expiry": 1526359902.62635, "httpOnly": true, "name": "lck0_2132_saltkey", "path": "/", "secure": false, "value": "THj2cS8t"}, {"domain": "www.ynx1.com", "httpOnly": false, "name": "__tins__19354760", "path": "/", "secure": false, "value": "%7B%22sid%22%3A%201523767904365%2C%20%22vd%22%3A%201%2C%20%22expires%22%3A%201523769704365%7D"}, {"domain": "www.ynx1.com", "httpOnly": false, "name": "__51laig__", "path": "/", "secure": false, "value": "1"}, {"domain": ".ynx1.com", "expiry": 1523854325, "httpOnly": false, "name": "_gid", "path": "/", "secure": false, "value": "GA1.2.1405491411.1523767925"}, {"domain": ".ynx1.com", "expiry": 1586839925, "httpOnly": false, "name": "_ga", "path": "/", "secure": false, "value": "GA1.2.238276663.1523767925"}, {"domain": "www.ynx1.com", "expiry": 1555303936.210863, "httpOnly": false, "name": "lck0_2132_lastcheckfeed", "path": "/", "secure": false, "value": "11694%7C1523768040"}, {"domain": "www.ynx1.com", "httpOnly": false, "name": "lck0_2132_seccode", "path": "/", "secure": false, "value": "875.7335ca2d59d2ed08de"}, {"domain": "www.ynx1.com", "expiry": 1523854336.210692, "httpOnly": false, "name": "lck0_2132_sid", "path": "/", "secure": false, "value": "krHAat"}, {"domain": "www.ynx1.com", "httpOnly": true, "name": "lck0_2132_auth", "path": "/", "secure": false, "value": "d0e5gt%2BPU8cBXjy%2Bl6pEyH9W7irGECTIjJT4JVgzKO9C6zcb3u6vu4rOZr4pFcfQmzMcAgnbGHz7mSKdR08iO%2FGoPQ"}, {"domain": "www.ynx1.com", "expiry": 1523854336.210605, "httpOnly": false, "name": "lck0_2132_lastact", "path": "/", "secure": false, "value": "1523768040%09member.php%09logging"}, {"domain": "www.ynx1.com", "expiry": 1555303936.210654, "httpOnly": false, "name": "lck0_2132_ulastactivity", "path": "/", "secure": false, "value": "fca7uei745HQ84Cut6lr5Ayn2pjqhJhGUy2cBpMVZ31SBkdOTR%2BL"}, {"domain": "www.ynx1.com", "expiry": 1523767966.210903, "httpOnly": false, "name": "lck0_2132_checkfollow", "path": "/", "secure": false, "value": "1"}, {"domain": "www.ynx1.com", "httpOnly": false, "name": "lck0_2132_lip", "path": "/", "secure": false, "value": "118.184.48.71%2C1523767943"}]