[{"domain": "www.58pmm.net", "expiry": 1839132969, "httpOnly": false, "name": "_uab_collina", "path": "/", "secure": false, "value": "152377296900321538531784"}, {"domain": ".58pmm.net", "expiry": 1539497776, "httpOnly": false, "name": "UM_distinctid", "path": "/", "secure": false, "value": "162c7f26c7e2a4-09e0cc8c59be0a-5f4f2816-1fa400-162c7f26c7fd2"}, {"domain": ".58pmm.net", "expiry": 1523773059.094258, "httpOnly": false, "name": "xabs_05b6_checkfollow", "path": "/", "secure": false, "value": "1"}, {"domain": ".58pmm.net", "expiry": 1523773300.385579, "httpOnly": false, "name": "xabs_05b6_sendmail", "path": "/", "secure": false, "value": "1"}, {"domain": "www.58pmm.net", "expiry": 1539497817, "httpOnly": false, "name": "CNZZDATA1273049509", "path": "/", "secure": false, "value": "1531477000-1523772181-%7C1523772181"}, {"domain": ".58pmm.net", "httpOnly": false, "name": "xabs_05b6_lip", "path": "/", "secure": false, "value": "116.21.181.193%2C1523772994"}, {"domain": ".58pmm.net", "expiry": 1523859397.995251, "httpOnly": false, "name": "xabs_05b6_pc_size_c", "path": "/", "secure": false, "value": "0"}, {"domain": ".58pmm.net", "expiry": 1526365000.265779, "httpOnly": false, "name": "xabs_05b6_lastvisit", "path": "/", "secure": false, "value": "1523769397"}, {"domain": ".58pmm.net", "expiry": 1526365000.265737, "httpOnly": true, "name": "xabs_05b6_saltkey", "path": "/", "secure": false, "value": "Z78Gge6p"}, {"domain": ".58pmm.net", "expiry": 1555309029.094231, "httpOnly": false, "name": "xabs_05b6_lastcheckfeed", "path": "/", "secure": false, "value": "463%7C1523773026"}, {"domain": ".58pmm.net", "expiry": 1523859429.094104, "httpOnly": false, "name": "xabs_05b6_sid", "path": "/", "secure": false, "value": "CNPD7A"}, {"domain": ".58pmm.net", "expiry": 1523859429.094035, "httpOnly": false, "name": "xabs_05b6_lastact", "path": "/", "secure": false, "value": "1523773026%09member.php%09logging"}, {"domain": ".58pmm.net", "expiry": 1555309029.094073, "httpOnly": false, "name": "xabs_05b6_ulastactivity", "path": "/", "secure": false, "value": "a328I1yuAcmimPe%2B%2Bvuu0z%2FdQDHbM4SpJTJjzHe3%2BXmSnHRdSoey"}, {"domain": ".58pmm.net", "httpOnly": true, "name": "xabs_05b6_auth", "path": "/", "secure": false, "value": "f6a1ycHmwqw9hQrKSeil1k8uU2LWJbh1v%2F69210kNCtjlaMnNRmytFYM0SwYvfPvhvqXW6tRx6RanpaiijoGrqs"}]