[{"domain": ".qm200.net", "expiry": 1539501090, "httpOnly": false, "name": "UM_distinctid", "path": "/", "secure": false, "value": "162c824ff9b1c6-0f010f4b22afff-5f4f2816-1fa400-162c824ff9c79b"}, {"domain": "www.qm200.net", "expiry": 1526368283.617385, "httpOnly": true, "name": "ApuD_2132_saltkey", "path": "/", "secure": false, "value": "eNZr7HNt"}, {"domain": "www.qm200.net", "expiry": 1523776586.459518, "httpOnly": false, "name": "ApuD_2132_sendmail", "path": "/", "secure": false, "value": "1"}, {"domain": "www.qm200.net", "expiry": 1526368283.61742, "httpOnly": false, "name": "ApuD_2132_lastvisit", "path": "/", "secure": false, "value": "1523772424"}, {"domain": "www.qm200.net", "expiry": 1523862683.617482, "httpOnly": false, "name": "ApuD_2132_pc_size_c", "path": "/", "secure": false, "value": "0"}, {"domain": "www.qm200.net", "expiry": 1539501103, "httpOnly": false, "name": "CNZZDATA1257123974", "path": "/", "secure": false, "value": "1338708279-1523776215-%7C1523776215"}, {"domain": "www.qm200.net", "expiry": 1523776903, "httpOnly": false, "name": "ApuD_2132_noticeTitle", "path": "/", "secure": false, "value": "1"}, {"domain": "www.qm200.net", "expiry": 1555312298.687603, "httpOnly": false, "name": "ApuD_2132_ulastactivity", "path": "/", "secure": false, "value": "e4281yLPNUfDkizKTXBUFHEw6RJ38sYaCTmpHaAMD6zkRruZJoPv"}, {"domain": "www.qm200.net", "expiry": 1555312298.687725, "httpOnly": false, "name": "ApuD_2132_lastcheckfeed", "path": "/", "secure": false, "value": "32537%7C1523776039"}, {"domain": "www.qm200.net", "httpOnly": true, "name": "ApuD_2132_auth", "path": "/", "secure": false, "value": "ffd7IWY2c%2F4UAZ1yqjgbvxdBJLfwzskaEdjFHssiqenrmRYh3H44Ff41JHkp2OxRZAXToCRMuDVtZE8oDqpisFSLww"}, {"domain": "www.qm200.net", "expiry": 1523819498.687785, "httpOnly": false, "name": "ApuD_2132_security_cookiereport", "path": "/", "secure": false, "value": "d905qt3qjYKZsXKIAvbP74miQHCyRlZinbnITNdL2QNgP02n7WAH"}, {"domain": "www.qm200.net", "expiry": 1523862710.847506, "httpOnly": false, "name": "ApuD_2132_sid", "path": "/", "secure": false, "value": "bQaz4h"}, {"domain": "www.qm200.net", "httpOnly": false, "name": "ApuD_2132_lip", "path": "/", "secure": false, "value": "116.22.59.154%2C1523776039"}, {"domain": "www.qm200.net", "expiry": 1523862710.847575, "httpOnly": false, "name": "ApuD_2132_lastact", "path": "/", "secure": false, "value": "1523776051%09misc.php%09patch"}]