[{"domain": ".bdkbsmluntan.com", "expiry": 1555305240.548586, "httpOnly": true, "name": "__cfduid", "path": "/", "secure": false, "value": "dc9fd5b3892b6fc17095b2184dfe5c70b1523769238"}, {"domain": "www.bdkbsmluntan.com", "httpOnly": false, "name": "__51laig__", "path": "/", "secure": false, "value": "1"}, {"domain": "www.bdkbsmluntan.com", "expiry": 1523769543.781751, "httpOnly": false, "name": "lq8o_2132_sendmail", "path": "/", "secure": false, "value": "1"}, {"domain": "www.bdkbsmluntan.com", "expiry": 1526361242.548729, "httpOnly": false, "name": "lq8o_2132_lastvisit", "path": "/", "secure": false, "value": "1523765640"}, {"domain": "www.bdkbsmluntan.com", "expiry": 1526361242.548675, "httpOnly": true, "name": "lq8o_2132_saltkey", "path": "/", "secure": false, "value": "YZct5VK6"}, {"domain": "www.bdkbsmluntan.com", "httpOnly": false, "name": "lq8o_2132_creditbase", "path": "/", "secure": false, "value": "0D0D368D0D0D0D0D0D0"}, {"domain": "www.bdkbsmluntan.com", "httpOnly": false, "name": "__tins__18950108", "path": "/", "secure": false, "value": "%7B%22sid%22%3A%201523769241923%2C%20%22vd%22%3A%201%2C%20%22expires%22%3A%201523771041923%7D"}, {"domain": "www.bdkbsmluntan.com", "httpOnly": false, "name": "__51cke__", "path": "/", "secure": false, "value": ""}, {"domain": "www.bdkbsmluntan.com", "expiry": 1523855677.471148, "httpOnly": false, "name": "lq8o_2132_lastact", "path": "/", "secure": false, "value": "1523769275%09member.php%09logging"}, {"domain": "www.bdkbsmluntan.com", "httpOnly": true, "name": "lq8o_2132_auth", "path": "/", "secure": false, "value": "ae60je1ieXMVnBM%2BnH5op7bcMsHNchoWrC9xbPO2VafKKyoZ2bv2ZpXKBxXfCkAoUYm6ccxvQlk%2BlrHvzT3jnNVwvQ"}, {"domain": "www.bdkbsmluntan.com", "expiry": 1523855677.471286, "httpOnly": false, "name": "lq8o_2132_sid", "path": "/", "secure": false, "value": "q85OH4"}, {"domain": "www.bdkbsmluntan.com", "expiry": 1555305277.471345, "httpOnly": false, "name": "lq8o_2132_ulastactivity", "path": "/", "secure": false, "value": "ffef6iTNOU7YMGghSDzq5u8FxxrAbEXrOvlCr13SWpav5jzakyOG"}, {"domain": "www.bdkbsmluntan.com", "httpOnly": false, "name": "lq8o_2132_creditnotice", "path": "/", "secure": false, "value": "0D0D5D0D0D0D0D0D0D59158"}, {"domain": "www.bdkbsmluntan.com", "httpOnly": false, "name": "lq8o_2132_creditrule", "path": "/", "secure": false, "value": "%E6%AF%8F%E5%A4%A9%E7%99%BB%E5%BD%95"}, {"domain": "www.bdkbsmluntan.com", "expiry": 1555305277.471755, "httpOnly": false, "name": "lq8o_2132_lastcheckfeed", "path": "/", "secure": false, "value": "59158%7C1523769275"}, {"domain": "www.bdkbsmluntan.com", "expiry": 1523769307.471808, "httpOnly": false, "name": "lq8o_2132_checkfollow", "path": "/", "secure": false, "value": "1"}, {"domain": "www.bdkbsmluntan.com", "httpOnly": false, "name": "lq8o_2132_lip", "path": "/", "secure": false, "value": "173.245.48.204%2C1523683362"}, {"domain": "www.bdkbsmluntan.com", "expiry": 1523812477.471903, "httpOnly": false, "name": "lq8o_2132_security_cookiereport", "path": "/", "secure": false, "value": "32facT59JJKObZ7tTw%2BQVfxeGPB1jja9nsY1nMXPf5oLMH%2BWx7Ad"}]