[{"domain": "www.2018guomo.info", "expiry": 1523768258.59936, "httpOnly": false, "name": "Ic2x_2132_sendmail", "path": "/", "secure": false, "value": "1"}, {"domain": ".2018guomo.info", "expiry": 1544889638.008051, "httpOnly": false, "name": "safedog-flow-item", "path": "/", "secure": false, "value": ""}, {"domain": "www.2018guomo.info", "expiry": 1526359958.007849, "httpOnly": false, "name": "Ic2x_2132_lastvisit", "path": "/", "secure": false, "value": "1523764364"}, {"domain": "www.2018guomo.info", "expiry": 1526359958.007717, "httpOnly": true, "name": "Ic2x_2132_saltkey", "path": "/", "secure": false, "value": "mSs5eHz1"}, {"domain": ".www.2018guomo.info", "expiry": 1555303966, "httpOnly": false, "name": "Hm_lvt_bfd8626bac88fcdca6214c1fa8a5ea54", "path": "/", "secure": false, "value": "1523767959"}, {"domain": "www.2018guomo.info", "expiry": 1523768566, "httpOnly": false, "name": "Ic2x_2132_noticeTitle", "path": "/", "secure": false, "value": "1"}, {"domain": "www.2018guomo.info", "expiry": 1555303962.265936, "httpOnly": false, "name": "Ic2x_2132_ulastactivity", "path": "/", "secure": false, "value": "1523767969%7C0"}, {"domain": "www.2018guomo.info", "expiry": 1555303962.266194, "httpOnly": false, "name": "Ic2x_2132_lastcheckfeed", "path": "/", "secure": false, "value": "77247%7C1523767969"}, {"domain": "www.2018guomo.info", "httpOnly": true, "name": "Ic2x_2132_auth", "path": "/", "secure": false, "value": "edc0rjnWBulVV5bEJ0ASOalGtCgzCHeTEvAnwuJQifv6vH1tP2AYC2B8Q8t8Z%2BVLzslYRh0QPD4iTUawUkPpmrtGmQ"}, {"domain": "www.2018guomo.info", "expiry": 1555303965.647705, "httpOnly": false, "name": "Ic2x_2132_nofavfid", "path": "/", "secure": false, "value": "1"}, {"domain": "www.2018guomo.info", "expiry": 1523767992.266246, "httpOnly": false, "name": "Ic2x_2132_checkfollow", "path": "/", "secure": false, "value": "1"}, {"domain": "www.2018guomo.info", "httpOnly": false, "name": "Ic2x_2132_lip", "path": "/", "secure": false, "value": "116.21.180.193%2C1523767969"}, {"domain": "www.2018guomo.info", "expiry": 1523768265.647775, "httpOnly": false, "name": "Ic2x_2132_onlineusernum", "path": "/", "secure": false, "value": "739"}, {"domain": ".www.2018guomo.info", "httpOnly": false, "name": "Hm_lpvt_bfd8626bac88fcdca6214c1fa8a5ea54", "path": "/", "secure": false, "value": "1523767966"}, {"domain": "www.2018guomo.info", "expiry": 1523767996.823351, "httpOnly": false, "name": "Ic2x_2132_checkpm", "path": "/", "secure": false, "value": "1"}, {"domain": "www.2018guomo.info", "expiry": 1523854367.237035, "httpOnly": false, "name": "Ic2x_2132_lastact", "path": "/", "secure": false, "value": "1523767974%09misc.php%09patch"}]